SPY,GLD,VIX,TLT,TNX,UUP,FXE,USO
169.11,128.78,12.72,108.14,2.56,22.1,131.52,37.21
168.93,128.67,12.97,107.48,2.61,22.12,131.56,37.58
168.52,127.48,13.18,107.52,2.59,22.27,130.67,37.4
169.14,129.71,12.66,108.9,2.52,22.19,130.97,38.09
169.5,128.84,12.29,109.36,2.49,22.26,130.59,37.92
169.17,125.11,12.54,109.2,2.49,22.36,130.17,38.45
168.87,124.01,13.77,107.5,2.53,22.42,129.82,38.34
167.95,123.32,13.78,108.86,2.49,22.38,129.95,37.8
167.52,124.89,14.42,108.66,2.53,22.33,130.41,37.48
168.15,124.18,13.79,108.29,2.56,22.49,129.44,37.67
167.51,124.13,13.84,107.72,2.6,22.47,129.43,37.56
167.44,124.24,14.01,107.81,2.57,22.42,129.78,37.01
165.19,120.95,14.21,106.56,2.68,22.78,127.6,37.43
165.13,120.62,14.35,107.4,2.63,22.93,126.64,36.77
163.95,119.51,14.78,107.29,2.64,22.84,127.47,36.41
163.02,118.09,14.89,106.26,2.71,22.9,127.1,36.56
161.28,120.74,16.2,110.01,2.5,22.57,128.88,35.84
161.21,120.05,16.44,110.34,2.47,22.66,128.52,35.21
161.36,121.13,16.37,110.41,2.49,22.51,129.42,34.67
160.42,119.11,16.86,110.44,2.48,22.56,128.93,34.18
161.08,115.94,16.86,109.69,2.48,22.51,129.16,34.33
160.14,118.28,17.21,108.58,2.54,22.52,128.86,33.8
158.57,123.47,18.47,107.88,2.59,22.4,129.75,33.74
157.06,123.93,20.11,108.85,2.55,22.36,130.02,33.64
159.07,125.05,18.9,108.4,2.51,22.34,130.04,33.23
159.4,123.6,20.49,110.27,2.42,22.19,130.93,33.63
163.45,130.59,16.64,112.11,2.31,22.06,131.57,34.78
165.74,132.13,16.61,113.28,2.18,21.86,132.73,34.96
164.44,133.77,16.8,113.22,2.17,21.84,132.53,34.76
163.18,134.43,17.15,113.82,2.13,21.88,132.22,34.74
164.21,133.74,16.41,114.09,2.17,21.9,132.36,34.33
161.75,134.25,18.59,112.33,2.23,21.97,132.07,34.03
163.1,133.25,17.07,113.96,2.19,21.98,131.92,33.79
164.8,133.94,15.44,112.62,2.21,22.17,131.33,34
164.8,133.28,15.14,113.16,2.16,22.16,130.96,34.16
162.73,136.53,16.63,115.22,2.08,22.13,131.24,33.62
161.27,135.52,17.5,115.29,2.1,22.42,129.7,33.26
163.56,135.23,16.27,113.72,2.14,22.46,129.62,33.2
164.35,136.51,16.28,114.78,2.13,22.45,129.52,33.16
163.45,133.92,16.3,114.45,2.16,22.61,128.78,32.61
165.83,136.7,14.53,114.84,2.12,22.55,129.21,33.25
165.22,134.83,14.83,115.12,2.12,22.7,128.21,33.1
166.3,133.49,14.48,113.84,2.13,22.87,127.46,33.79
165.31,133.76,13.99,116.8,2.01,22.71,128.16,33.37
165.45,134.61,14.07,116.64,2.02,22.74,128.23,33.54
165.93,131.94,13.82,116.09,2.03,22.89,127.38,33.46
167.17,132.88,13.37,117.84,1.94,22.79,127.89,34.11
166.93,135.12,13.02,116.92,1.97,22.78,127.74,34.44
166.94,131.07,12.45,117.06,1.95,22.92,127.13,34.21
165.34,134.09,13.07,118.56,1.87,22.78,127.63,33.87
166.12,134.63,12.81,117.34,1.94,22.79,127.61,33.61
165.23,137.81,12.77,116.56,1.95,22.73,128.19,33.56
163.54,138.43,12.55,117.84,1.92,22.64,128.53,33.86
163.41,139.6,12.59,118.75,1.9,22.6,128.67,34.14
162.88,140.81,13.13,120.04,1.81,22.48,129.16,34.17
163.34,142.46,12.66,120.35,1.76,22.27,130.38,34.4
162.6,140.38,12.83,120.16,1.78,22.37,129.6,34.01
161.78,142.15,12.66,120.63,1.77,22.37,129.58,34.14
161.37,142.09,12.85,120.93,1.75,22.32,129.99,34.01
159.75,141.92,13.59,123.85,1.63,22.33,129.48,33.49
158.28,141.11,14.49,124.01,1.64,22.18,130.66,32.39
159.68,142.77,13.52,123.01,1.67,22.2,130.53,33.16
159.3,142.3,13.71,122.94,1.67,22.31,129.81,33.61
158.24,140.91,13.61,123.39,1.66,22.41,129.18,33.12
158.52,141.63,13.62,122.27,1.71,22.51,128.89,33.25
157.88,138.37,13.61,122.8,1.7,22.56,129.02,32.66
157.78,136.88,13.48,122.49,1.7,22.57,128.84,31.86
156.17,137.9,14.39,122.92,1.7,22.49,129.46,31.82
155.48,135.47,14.97,122.83,1.7,22.5,129.47,31.39
154.14,134.3,17.56,123.09,1.68,22.46,129.39,31.64
155.11,132.87,16.51,122.79,1.7,22.47,129.16,31.01
157.41,132.8,13.96,121.98,1.72,22.23,130.65,31.76
155.12,131.31,17.27,122.99,1.7,22.41,129.18,31.49
158.8,143.95,12.06,121.93,1.72,22.34,129.87,32.53
159.19,151.05,12.24,120.14,1.79,22.37,129.85,33.46
158.67,150.75,12.36,119.91,1.8,22.43,129.56,33.83
156.75,153.34,12.84,121.58,1.75,22.41,129.71,33.64
156.21,152.16,13.19,121.88,1.73,22.51,128.93,33.49
155.16,152.81,13.92,122.82,1.69,22.45,128.98,33.28
155.86,150.29,13.89,120.39,1.76,22.49,128.28,33.39
155.23,150.73,14.21,118.97,1.81,22.52,127.38,33.76
156.82,152.43,12.76,117.91,1.86,22.57,127.05,34.65
156.05,154.67,13.58,118.39,1.84,22.52,127.34,34.68
156.67,154.45,12.7,117.76,1.85,22.6,127.09,34.75
156.19,155.36,13.15,118.36,1.85,22.66,126.66,34.55
156.19,154.72,12.77,117.36,1.91,22.57,127.5,34.45
154.95,155.24,13.74,117.22,1.91,22.58,127.46,33.85
155.6,155.55,13.57,117.33,1.91,22.42,128.77,33.61
154.36,156.25,13.99,117.24,1.93,22.56,127.87,33.05
155.69,155.37,12.67,116.12,1.94,22.56,128.33,33.45
154.61,156.08,14.39,117.43,1.91,22.61,127.81,33.07
154.97,155.38,13.36,116.64,1.96,22.54,128.25,33.65
155.83,154,11.3,115.76,2,22.4,129.54,33.6
156.73,153.68,11.3,115.22,2.03,22.5,128.99,33.42
155.9,153.66,11.83,115.57,2.02,22.59,128.51,33.19
155.68,154.19,12.27,115.69,2.02,22.5,129.24,33.26
156.03,152.99,11.56,114.86,2.06,22.51,129.28,33.04
155.44,152.71,12.59,114.75,2.06,22.56,128.92,33.05
154.78,152.69,13.06,115.96,1.99,22.39,129.97,32.94
154.5,153.23,13.53,116.86,1.94,22.49,128.86,32.54
154.29,152.38,13.48,117.93,1.89,22.4,129.35,32.69
152.92,152.3,14.01,118.27,1.88,22.43,129.13,32.4
152.11,152.44,15.36,118.9,1.85,22.44,129.17,32.74
151.61,153,15.51,118.51,1.89,22.37,129.49,33.06
151.91,154.57,14.73,118.29,1.9,22.25,130.33,33.4
150.02,156.22,16.87,118.64,1.88,22.34,129.57,33.33
149,154.34,18.99,119.33,1.89,22.32,129.55,33.21
151.89,152.97,14.17,117.03,1.97,22.23,130.8,33.6
150.42,152.62,15.22,116.95,1.98,22.22,130.78,33.43
151.34,151.44,14.68,116.27,2.02,22.13,131.68,34.17
153.25,155.33,12.31,115.92,2.03,21.97,132.81,34.96
152.11,155.76,12.46,116.5,2.01,21.96,132.56,34.72
152.29,158.35,12.66,116.84,2,21.94,132.52,35.27
152.15,159.05,12.98,115.79,2.02,21.88,133.36,35.19
152.02,159.89,12.64,116.74,1.98,21.87,133.42,35.28
151.77,159.7,12.94,117.03,1.95,21.92,132.94,35.12
151.8,161.57,13.02,117.12,1.95,21.9,132.59,34.7
150.96,161.84,13.5,116.67,1.95,21.89,132.92,34.68
151.16,162.39,13.41,116.93,1.97,21.77,134.13,35.04
151.05,161.96,13.72,115.98,2.02,21.7,134.68,35.03
149.54,162,14.67,117.02,1.97,21.71,134.06,34.78
151.24,161.45,12.9,115.54,2.01,21.6,135.49,35.35
149.7,161.2,14.38,117.32,1.99,21.62,134.72,35.28
150.07,162.19,14.32,116.75,2.01,21.64,134.59,35.49
150.66,160.99,13.31,116.95,1.99,21.73,133.86,35.29
150.07,160.29,13.57,117.6,1.97,21.79,133.5,34.94
150.25,160.65,12.89,118.03,1.95,21.78,133.54,34.78
149.41,161.42,12.69,119.67,1.84,21.83,132.7,34.76
149.37,163.21,12.46,120.09,1.83,21.83,132.16,34.61
149.13,163.67,12.43,120.27,1.84,21.83,132.15,35.01
148.33,163.09,12.46,120.04,1.84,21.85,132.19,34.77
148,163.35,13.57,119.12,1.88,21.75,132.71,34.67
147.05,162.65,13.42,120.32,1.82,21.79,131.82,34.28
147.07,162.56,13.55,120.07,1.83,21.77,132.13,33.99
146.97,161.54,13.52,119.52,1.86,21.71,132.82,34.28
147.07,161.06,13.36,119.85,1.88,21.74,132.36,34.06
147.08,161.98,13.49,118.79,1.89,21.8,131.5,34.17
145.92,160.49,13.81,119.12,1.85,22.02,129.64,33.88
145.55,160.56,13.62,119.23,1.87,21.95,129.85,33.96
145.97,159.43,13.79,118.45,1.9,21.92,130.15,33.92
146.37,160.44,13.83,118.4,1.91,21.99,129.81,33.88
145.73,161.2,14.56,117.94,1.9,21.99,129.58,33.74
146.06,163.17,14.68,119.56,1.84,21.82,130.87,33.82
142.41,162.02,18.02,121.18,1.76,21.81,130.96,33.37
140.03,160.54,21.79,123.31,1.71,21.78,131.17,33.04
141.56,161.16,19.47,122.61,1.72,21.76,131.41,33.19
141.75,160.78,19.48,122.2,1.76,21.76,131.27,33.15
142.35,160.62,17.84,122.03,1.77,21.76,130.91,32.24
142.79,160.33,17.84,122.25,1.75,21.76,130.87,32.36
145.12,159.73,17.67,120.93,1.8,21.65,131.46,32.73
144.29,161.69,17.36,120.91,1.8,21.67,131.44,32.67
145.37,162.08,15.57,120.51,1.83,21.68,131.26,32.18
143.77,164.44,16.34,121.75,1.76,21.75,130.66,32.01
142.1,164.13,16.99,123.6,1.71,21.75,130.61,31.81
142.63,164.37,16.56,122.68,1.73,21.86,129.83,31.58
143.51,165.77,15.95,122.59,1.7,21.84,129.7,31.78
143.44,165.65,15.57,124.03,1.65,21.88,129.08,31.47
142.47,165.8,16.05,124.98,1.62,21.96,128.5,31.39
142.41,165.16,15.87,124.43,1.63,21.99,128.36,31.53
141.98,164.5,16.58,125.59,1.58,21.95,128.77,31.66
141.5,164.12,16.46,125.32,1.59,21.83,129.81,32.22
141.25,164.42,17.12,125.38,1.61,21.78,129.99,32.4
141.45,166.13,16.64,124.66,1.63,21.85,129.58,32.6
142.15,166.05,15.87,124.79,1.61,21.92,129.09,32.56
142.12,167.18,15.06,125.13,1.62,21.94,128.84,32.17
141.46,166.55,15.51,125.11,1.62,21.97,128.5,31.79
140.33,168.71,15.92,125.29,1.64,22.01,128.36,31.98
141.05,169.43,15.5,124.8,1.66,21.94,128.76,32.19
141.35,169.61,15.14,124.21,1.69,21.93,128.91,32.32
139.45,167.56,15.31,124.33,1.69,22.14,127.32,32.12
139.19,167.39,15.08,124.4,1.66,22.13,127.3,31.95
139.13,167.87,15.24,125.66,1.61,22.14,127.19,32.67
136.37,165.88,16.41,126.37,1.57,22.24,126.49,31.93
135.7,166.09,17.99,126.48,1.59,22.2,126.8,31.49
135.93,167.14,17.92,126.73,1.59,22.2,126.45,31.77
137.79,167.1,16.65,126.61,1.59,22.21,126.15,31.41
138.27,167.45,16.68,126.19,1.61,22.19,126.23,31.59
138.16,167.82,18.61,125.98,1.61,22.18,126.23,31.73
138.04,167.99,18.49,125.84,1.63,22.13,126.52,31.3
139.72,166.49,19.08,124,1.63,22.13,126.79,31.21
142.96,166.3,17.58,121.79,1.74,22.09,127.27,32.56
141.85,163.23,18.42,122.95,1.68,22.12,127.02,31.61
141.56,162.6,17.59,122.26,1.73,22.07,127.42,31.35
142.83,166.07,16.69,122.35,1.72,21.92,128.52,32.06
141.35,166.83,18.6,123.36,1.69,21.89,128.7,31.78
141.35,165.93,17.81,122.64,1.75,21.93,128.47,31.79
141.43,166.02,18.12,120.86,1.83,21.93,128.58,31.78
141.02,164.86,18.33,121.48,1.77,21.91,128.73,31.63
141.42,165.43,18.83,122.69,1.76,21.91,128.91,31.97
143.41,167.58,16.62,120.96,1.8,21.81,129.7,32.9
143.39,166.97,16.97,121.74,1.77,21.81,129.32,33.34
145.82,168.79,15.03,120.11,1.83,21.73,129.84,34.07
146.2,169.54,15.07,120.85,1.81,21.64,130.34,34.1
145.54,169.42,15.22,121.98,1.72,21.75,129.63,34.13
144.08,168.35,15.27,123.69,1.66,21.84,128.68,34
142.89,170.06,16.14,123.97,1.66,21.83,128.71,34
143.36,171.32,15.59,123.66,1.67,21.86,128.43,34.29
143.28,170.84,16.29,122.81,1.69,21.9,128.16,33.84
144.2,170.99,16.37,121.95,1.72,21.95,127.86,34.18
145.64,172.05,15.11,122.17,1.75,21.81,128.85,33.22
146.14,172.62,14.33,121.15,1.73,21.76,129.45,33.35
146.13,173.61,14.55,122.74,1.66,21.76,129.34,33.94
145.09,172.41,15.43,124.29,1.62,21.91,128.2,32.61
144.5,172.1,15.71,124.25,1.62,21.85,128.35,34.02
144.35,172.29,16.32,124.42,1.62,21.87,128.04,34.25
143.97,171.89,15.73,124.22,1.64,21.92,127.69,34.12
144.64,172.34,14.84,124.15,1.64,21.82,128.29,34.15
143.29,169.81,16.81,125.04,1.62,21.88,127.8,33.34
144.1,170.77,15.43,123.71,1.68,21.84,128.21,33.75
145.65,171.05,14.15,122.5,1.72,21.8,128.43,34.09
145.87,171.96,13.98,121.55,1.76,21.75,129.05,34.49
146.71,171.47,14.07,121.41,1.78,21.77,128.85,34.51
146.7,171.74,13.88,121.11,1.78,21.67,129.72,34.12
146.62,171.72,14.18,120.32,1.81,21.74,129.56,35.57
146.74,170.4,14.59,119.72,1.84,21.67,130.27,35.75
147.24,171.8,14.51,118.3,1.87,21.64,130.4,36.84
146.59,171.31,14.05,121.53,1.76,21.75,129.11,36.51
144.39,167.92,15.8,122.01,1.76,21.89,128.11,36.04
143.91,167.9,16.41,123.55,1.7,21.91,127.81,36.11
143.51,167.29,16.28,124.33,1.68,22.08,126.8,35.85
144.33,168.44,14.38,124.03,1.66,22.01,127.29,35.88
143.77,164.89,15.63,124.61,1.67,22.25,125.6,35.23
140.91,164.31,17.74,126.72,1.59,22.31,125.16,35.57
141.03,164.48,17.98,127.32,1.58,22.33,124.86,35.51
141.16,164.22,17.47,127.72,1.56,22.3,124.98,35.89
140.49,160.52,17.83,125.94,1.62,22.44,124.31,35.26
141.51,160.59,17.06,125.29,1.65,22.39,124.52,35.38
141.4,161.64,16.49,125.84,1.63,22.35,124.91,35.79
141.54,161.36,16.35,125.54,1.65,22.44,124.24,35.61
141.51,161.97,15.18,124.81,1.68,22.42,124.35,35.68
140.66,161.89,15.96,124.93,1.67,22.35,124.85,35.76
141.82,160.54,15.11,124.41,1.72,22.39,124.48,36.22
141.76,158.83,15.02,122.39,1.8,22.5,123.9,35.98
142.19,157.26,14.02,121.85,1.81,22.65,122.74,35.83
142.18,156.72,13.45,121.6,1.82,22.68,122.59,35.95
141.99,156.56,14.29,121.01,1.84,22.64,122.81,35.56
140.95,155.63,14.63,122.05,1.8,22.72,122.12,35.19
140.79,155.13,14.85,123.79,1.73,22.66,122.52,34.92
140.77,155.99,13.7,125.49,1.65,22.65,122.62,34.66
140.84,157.18,14.74,125.7,1.65,22.68,122.21,34.85
140.61,156.99,15.28,125.07,1.69,22.72,122.24,34.93
140.49,156.48,15.32,125.16,1.64,22.64,122.86,34.87
140.32,156.28,15.99,125.83,1.63,22.6,123.24,34.91
139.62,156.3,15.95,127.47,1.56,22.6,123.21,34.42
139.35,155.55,15.64,127.42,1.58,22.63,123.05,34.07
136.64,154.13,17.57,129.51,1.48,22.91,121.1,32.6
137.59,155.14,18.96,128.78,1.54,22.87,121.5,33.17
137.71,156.49,18.93,129.7,1.49,22.71,122.3,32.68
138.68,157.43,18.03,129.44,1.5,22.77,121.86,33.45
138.68,157.54,16.7,128.48,1.55,22.74,122.29,33.67
136.17,156.77,17.53,130.95,1.43,22.75,122.15,33.41
133.96,155.67,19.34,132.16,1.41,22.98,120.85,33.21
133.93,153.52,20.47,131.82,1.4,23.1,120.02,33.15
135.09,153.03,18.62,130.79,1.43,23.01,120.66,33
136.47,153.67,16.27,130.06,1.46,22.98,120.91,34.2
137.73,153.38,15.45,128.49,1.51,22.81,122.06,34.64
137.37,153.05,16.16,128.82,1.48,22.82,122.11,33.69
136.36,153.47,16.48,128.75,1.5,22.84,122.17,33.38
135.43,154.21,17.11,129.77,1.46,22.86,122.09,33.12
135.75,154.14,16.74,129.17,1.5,22.93,121.72,32.68
133.51,152.59,18.36,129.51,1.48,23.03,121.37,32.2
134.16,152.99,17.95,128.6,1.5,22.98,121.75,32.33
134.14,152.15,18.72,128.44,1.5,22.96,121.83,31.52
135.32,154.04,18.05,128.18,1.51,22.88,122.45,32.17
135.49,153.71,17.1,127.06,1.54,22.95,122.14,31.59
136.79,155.68,17.5,125.89,1.6,22.8,123.22,32.62
137.41,157.46,16.66,125.25,1.63,22.5,125.43,32.94
136.51,155.09,16.8,126.22,1.58,22.52,125.17,31.43
136.1,155.19,17.08,125.2,1.66,22.47,125.88,31.83
132.79,151.05,19.71,126.85,1.58,22.78,123.8,29.5
133.17,152.83,19.45,126.54,1.62,22.75,123.98,30.2
131.98,152.62,19.72,126.34,1.63,22.68,124.26,29.81
131.32,153.76,20.38,126.84,1.61,22.72,124.33,29.8
133.46,152.64,18.11,125.02,1.67,22.65,124.93,30.1
132.44,152.02,20.08,126.71,1.62,22.7,124.77,29.46
135.48,155.97,17.24,126.04,1.64,22.46,126.13,30.49
135.7,157.16,18.38,125.42,1.62,22.43,126.14,31.68
134.4,157.93,18.32,127.08,1.58,22.6,125.09,31.32
134.14,157.84,21.11,126.4,1.59,22.5,125.92,31.63
133.47,157.75,21.68,125.7,1.61,22.6,125.51,31.73
132.07,157.12,24.27,125.86,1.6,22.69,125.04,31.1
132.92,156.46,22.09,124.63,1.66,22.76,124.38,31.42
131.41,155.36,23.56,125.78,1.6,22.84,124.17,30.7
133.1,154.73,21.23,125.21,1.64,22.81,124.35,31.8
132.05,154.5,21.72,125.24,1.65,22.74,125,31.72
131.97,157.21,22.16,125.05,1.65,22.71,125.13,32.15
129.07,157.14,24.68,127.6,1.56,22.9,123.91,31.76
128.1,157.32,26.12,129.33,1.53,22.82,124.31,31.76
128.16,157.5,26.66,130.36,1.47,22.92,123.55,31.43
131.47,151.62,24.06,127.6,1.58,22.99,123.03,32.61
131.76,151.91,24.14,126.14,1.62,22.98,123.06,33.02
133.7,151.02,21.03,123.02,1.73,22.8,124.36,34.23
132.1,152.68,21.76,123.4,1.75,22.82,124.48,34.22
132.53,151.41,21.54,122.94,1.76,22.79,124.68,34.26
132.27,151.62,22.33,123.41,1.72,22.7,125.39,34.09
132.2,152.08,22.48,122.56,1.79,22.62,126.17,34.48
131.97,154.65,22.01,123.94,1.74,22.39,127.56,35.15
129.74,154.55,25.1,124.2,1.7,22.46,127.09,34.43
130.86,152.8,24.49,124.17,1.7,22.55,126.41,35.04
132.83,149.46,22.27,122.01,1.76,22.57,126.44,35.05
133.34,149.74,21.97,121.66,1.78,22.52,126.66,35.28
134.11,151.33,21.87,121.17,1.79,22.34,127.73,35.61
135.61,153.56,19.89,119.5,1.84,22.24,128.56,36.26
136.02,154.77,18.83,118.52,1.88,22.2,128.79,36.61
135.74,154.47,20.08,118.87,1.84,22.18,128.82,36.52
136.55,156,19.05,118.79,1.84,22.09,129.46,36.87
137.1,159.08,18.94,118.16,1.88,22.04,129.9,37.05
137,159.47,19.16,118.14,1.88,22.01,130.25,37.29
139.25,158.97,17.56,117.22,1.92,21.92,130.89,38.83
140.32,160.59,16.88,117.25,1.92,21.9,130.9,39.89
140.74,161.32,16.6,116.43,1.96,21.83,131.72,40.15
139.87,161.88,17.15,117.32,1.91,21.81,131.71,39.68
140.39,161.38,16.32,117.29,1.93,21.82,131.71,39.62
140.16,161.03,16.24,117.19,1.96,21.86,131.73,39.53
139.19,159.62,16.82,116.49,1.98,21.89,131.56,39.41
137.31,159.3,18.1,117.09,1.96,21.94,131.2,39.17
136.79,159.07,18.97,117.92,1.93,22,130.85,39.03
137.95,159.54,17.44,117.07,1.97,21.93,131.48,39.39
137.72,159.43,18.36,117.05,1.95,22.05,130.69,38.96
138.61,159.31,18.64,116.94,1.98,22.06,130.53,39.05
139.08,160.25,18.46,116.6,2.01,22.06,130.62,39.64
137.05,160.46,19.55,116.67,1.97,22.07,130.74,39.18
137.14,160.85,19.55,116.84,2,22.16,130.15,39.15
138.79,162.7,17.2,114.98,2.05,21.98,131.28,39.44
137,161.07,20.02,115.46,2.03,22.13,130.43,39.01
135.9,161.1,20.39,116.86,1.99,22.16,130.19,38.51
138.22,159.37,18.81,115.55,2.04,22.13,130.5,38.97
139.79,158.31,16.7,112.91,2.17,22.2,130.04,39.26
139.86,157.21,16.42,112.1,2.24,22.13,130.75,38.84
141.26,159.89,15.66,110.58,2.28,22.02,131.7,39.66
141.84,162.94,15.64,112.53,2.19,21.86,132.67,40.03
140.81,162.12,15.5,112.2,2.22,21.91,132.72,39.23
140.23,161.28,15.48,114.13,2.16,21.94,132.31,39.29
140.47,161.51,15.47,113.28,2.2,21.95,132.58,40.19
141.17,163.24,15.57,113.44,2.19,21.96,132.6,40.71
141.61,164.4,14.26,112.63,2.24,21.88,132.96,40.77
139.65,161.53,14.82,113.21,2.24,22.02,132.07,40.69
139.2,159.57,15.68,112.15,2.28,22.14,131.25,40.14
140.21,160.21,15.13,111.79,2.29,22.11,131.47,40.66
140.44,160.13,15.58,110.54,2.37,22.1,131.63,40.43
140.85,161.59,15.04,110.1,2.38,22.06,131.76,41.29
140.3,161.3,14.43,111.43,2.3,22.18,131.08,41.03
140.72,161.08,15.43,111.21,2.28,22.33,130.24,40.28
139.91,159.57,15.31,111.04,2.27,22.42,129.68,40.41
140.06,162.3,14.73,113.91,2.11,22.3,130.14,40.83
137.58,165.07,15.64,115.95,2.03,22.23,130.91,40.7
137.57,166.38,17.11,115.97,2.04,22.26,130.59,41.09
137.04,165.28,18.02,115.74,2.01,22.05,132.08,40.82
135.69,163.63,19.07,116.91,1.97,22.2,130.88,40.61
134.75,162.7,20.84,117.63,1.94,22.23,130.59,40.13
136.75,165.65,18.05,116.22,2.01,22.09,131.6,40.97
137.31,166.34,17.29,117.15,1.99,22.11,131.46,40.77
137.73,166.61,17.26,116.06,2.04,21.96,132.48,41.75
137.02,164.29,18.43,117.43,1.98,21.96,132.62,40.92
137.56,173.49,17.95,118.15,1.93,21.78,134.02,40.79
137.16,171.7,18.18,118.54,1.92,21.88,133.4,41.18
136.93,172.23,17.31,117.5,1.98,21.81,134.07,42.01
136.63,173.02,16.83,116.74,1.98,21.9,133.14,41.37
136.03,172.94,18.19,116.74,2.01,22.07,131.85,40.59
136.47,171.02,18.19,115.29,2.05,22.04,131.82,40.58
136.41,167.35,17.78,116.58,2.01,22.13,131.02,39.75
136.05,168,19.22,116.61,1.99,22.13,130.84,39.28
134.56,168.11,21.14,117.55,1.93,22.21,130.06,39.18
135.19,167.12,19.54,117.76,1.92,22.14,130.64,38.84
135.36,167.51,19.04,117.14,1.99,22.03,131.34,38.69
134.36,167.14,20.77,116.99,1.97,22.06,131.18,38.02
135.36,168.02,18.63,115.49,2.05,21.92,132.28,38.33
135.19,168.5,18.16,116.36,1.98,21.91,132.01,38.04
134.79,169.7,17.67,116.27,1.97,21.89,131.97,37.95
134.45,167.18,17.76,117.73,1.9,22.04,130.73,37.33
134.54,167.64,17.1,116.57,1.95,22.03,130.92,37.59
132.68,171.05,17.98,119.13,1.83,22.03,130.88,37.13
132.47,169.56,18.55,119.18,1.85,22.02,130.97,37.38
131.32,169.31,19.44,120.85,1.8,22.12,130.27,37.82
131.37,168.03,19.4,119.47,1.84,22.07,130.71,38.01
131.82,168.97,18.53,118.08,1.9,21.99,131.63,38.3
131.88,167.27,18.57,117.71,1.93,22.15,130.48,38.37
132.56,166.42,18.31,116.17,2.01,22.17,130.6,38.35
131.46,162.01,18.91,116.45,2.06,22.27,129.73,38.1
131.61,163.16,18.67,116.24,2.07,22.24,129.83,38.39
131.95,162.07,18.28,116.98,2.03,22.37,128.79,37.78
131.46,161.22,19.87,118.32,1.97,22.35,129.16,38.69
130.77,161.6,20.89,119.97,1.9,22.47,128.09,38.83
129.34,160.5,22.2,121.44,1.85,22.67,126.81,38.79
128.84,159.26,20.91,120.88,1.85,22.75,126.33,38.16
129.51,160.38,20.47,119.69,1.93,22.57,127.76,38.06
129.2,159.67,21.05,119.86,1.9,22.72,126.56,38.92
129.13,158.64,20.69,118.32,1.97,22.62,127.22,39.34
128.02,156.5,21.07,118.52,1.96,22.64,127.21,39.08
127.71,157.2,20.63,118.73,1.96,22.72,126.71,39.22
128.04,157.78,21.48,117.8,1.99,22.64,127.45,39.17
127.7,156.71,22.22,118.01,2,22.4,128.96,39.77
127.5,155.92,22.97,119.43,1.96,22.28,130.02,39.69
125.5,151.99,23.4,121.25,1.87,22.47,128.92,38.11
126.12,150.34,22.65,120.86,1.9,22.51,129.15,38.41
124.83,151.03,23.52,120.64,1.91,22.55,128.87,38.34
126.49,154.91,21.91,118.45,2.01,22.34,130.17,39.06
126.39,156.31,20.73,118.27,2.03,22.39,129.9,38.49
125.27,156.04,21.16,119.6,1.95,22.38,129.99,38.28
124.17,157.16,21.43,119.1,1.97,22.38,129.91,38.11
123.93,156.98,23.22,120.78,1.92,22.38,130.27,37.56
120.29,154.87,24.92,123.87,1.81,22.57,129.43,36.2
121.59,155.23,24.29,122.32,1.85,22.49,129.88,36.27
122.18,152.33,25.11,120.91,1.91,22.56,129.64,36.13
121.74,152.89,26.04,121.36,1.9,22.62,129.34,36.66
123.05,158.45,25.41,119.11,1.96,22.57,129.8,38.61
124.21,161.99,25.67,118.01,2.01,22.35,131.39,37.88
126.05,166.4,26.38,116.71,2.05,22.12,133.2,38.5
123.95,165.98,30.59,119.16,1.97,22.19,132.85,37.78
126.73,169.4,28.67,117.69,2.02,22.07,133.53,38.81
126.26,168.18,28.13,117.27,2.09,22.1,133.48,39
126.22,167.32,27.84,118.4,2.05,22.12,133.44,39.01
124.86,169.82,27.52,118.64,2.04,22.12,133.55,39.03
124.97,169.63,27.41,117,2.12,22.05,134.11,38.61
124.99,170.13,27.8,117.88,2.07,22.06,133.85,38.78
120.05,166.88,30.64,119.75,2,22.25,132.76,38.55
119.71,166.63,32.13,120.74,1.96,22.33,132.6,37.85
116.34,163.4,34.47,120.8,1.97,22.42,131.9,37.16
116.56,164.83,33.98,122.58,1.88,22.29,132.87,37.16
119.19,165.31,31.97,121.39,1.94,22.04,134.59,37.82
119.66,163.5,32.91,120.05,1.96,22.05,134.5,37.59
121.98,167.62,32,119.34,2.01,22.01,134.62,37.82
122.11,167.1,34.51,119.37,1.96,22.07,134.15,38.23
124.08,171.51,33.51,118.42,2.02,22.04,134.23,39.34
126.08,173.36,31.22,117.35,2.06,21.97,134.8,38.43
125.46,173.2,31.13,117.51,2.04,21.84,135.72,37.86
126.66,173.96,30.04,115.65,2.06,21.69,137,38.21
124.32,171.14,32.81,116.36,2.06,21.91,135.51,37.72
123.16,172.07,36.16,118.12,1.96,21.97,135.03,37
127.88,173.53,27.48,115.72,2.07,21.59,137.85,37.43
126.26,174.98,29.85,117.22,1.99,21.69,137.27,37.09
125.48,170.85,30.16,116.48,2.05,21.71,137.13,36.46
126.25,171.72,30.5,116.34,2.07,21.65,137.59,36.32
123.99,169.06,32.74,117.96,2.01,21.75,136.8,35.67
122,167.38,34.77,119.45,2,21.8,136.43,35.2
125.5,167.34,29.96,115.88,2.17,21.57,137.87,35.74
128.6,169.62,24.53,111.46,2.31,21.16,141.05,36.03
128.63,169.55,25.46,110.3,2.39,21.15,141.35,36.21
124.3,167.4,29.86,114.17,2.2,21.51,138.54,35.06
123.05,165.59,32.22,116.2,2.13,21.51,138.49,35.8
125.49,161.02,29.26,113.32,2.23,21.49,138.75,35.38
123.97,159.52,31.32,113.13,2.2,21.54,138.44,33.85
121.66,157.77,34.78,114.34,2.18,21.74,137.31,33.33
121.13,159.87,34.44,115.16,2.16,21.78,136.94,33.31
122.58,161.84,31.56,115.2,2.15,21.76,137.1,34.15
120.23,162.62,33.39,115.92,2.15,21.79,136.89,33.43
122.57,163.4,28.24,113.95,2.23,21.65,138.22,33.87
120.51,162.3,30.7,115.63,2.17,21.75,137.34,32.65
120.75,163.26,31.26,114.49,2.23,21.76,137.36,32.92
119.7,162.1,32.86,116.18,2.16,21.9,136.27,33.01
119.58,163.27,33.02,116.57,2.08,21.92,136.01,33.24
115.71,159.18,36.2,118.24,2.07,22.27,133.36,32.04
116.49,160.49,36.27,119.12,1.99,22.21,134,31.98
114.42,159.46,37.81,121.36,1.9,22.35,132.94,30.84
112.34,157.64,40.82,122.24,1.78,22.42,132.69,29.91
109.93,160.96,45.45,123.81,1.78,22.51,131.55,29.74
113.15,158.06,42.96,120.8,1.92,22.31,133.47,30.49
116.05,157.7,38.84,117.84,1.96,22.08,135.41,31.97
115.14,156.22,41.08,117.03,2,22.13,134.96,31.25
117.54,160.63,37.71,117.07,2.02,22.05,135.43,32.37
116.24,157.58,39.02,118.89,1.9,22.18,134.6,31.47
113.54,159.8,41.25,120.83,1.81,22.2,134.73,31.09
112.86,169.05,41.35,123.12,1.72,22.26,134.24,31.13
116.63,173.59,37.32,118.66,1.88,22.03,135.45,32.92
120.17,175.78,32.86,114.86,1.95,21.86,136.19,33.43
120.31,173.31,32.73,114.38,1.94,21.86,136.38,33.29
121.52,176.03,30.98,112.24,2.08,21.74,137.46,34.14
121.43,174.4,31.97,111.43,2.09,21.66,138.35,34.6
119.37,177.21,34.6,113.16,2.01,21.79,136.99,34.34
117.74,178.54,36.91,112.21,1.99,21.85,136.42,34.85
116.67,176.67,38.59,113.83,1.93,21.92,136.13,34.42
115.92,180.7,38.52,113.71,1.91,21.91,136.09,33.85
119.04,181.81,34.32,112.51,1.99,21.65,138.34,34.46
120.29,177.08,33.38,111.51,2.04,21.43,140.5,34.69
116.99,182.9,37,113.68,1.98,21.55,139.46,33.59
117.85,183.24,33.92,112.51,2,21.22,141.39,33.64
120.94,177.87,31.82,108.97,2.15,21.16,142.15,34.47
122.22,177.72,31.62,107.03,2.22,21.07,143.12,34.51
121.68,179.1,32.89,108.71,2.18,21.01,143.99,34.44
121.36,173.89,32.28,106.99,2.27,20.93,144.59,33.96
117.97,177.47,35.59,108.49,2.19,20.96,144.43,33.15
116.28,172.36,39.76,107.43,2.22,21.08,143.32,32.97
118.08,171.65,35.9,106.28,2.26,21.02,143.65,33.08
116.44,177.67,36.27,109.39,2.14,20.98,143.89,33.42
112.73,184.59,42.44,110.92,2.09,21.07,143.11,32.72
112.64,179.95,43.05,111.2,2.07,21.03,143.4,32.12
114.51,177.72,42.67,110.31,2.08,21.08,142.83,31.72
119.67,174.42,31.58,108.09,2.16,20.96,143.81,34.01
119.59,173.92,32.85,106.23,2.21,21.01,143.53,33.83
120.62,171.8,31.87,104.5,2.29,21,143.84,34.22
118.12,169.97,36.36,105.57,2.24,21.22,141.96,33.23
117.33,170.75,39,103.52,2.34,21.22,141.72,33.3
112.29,174.58,42.99,109.02,2.14,21.25,141.28,31.78
117.48,168.61,35.06,105.87,2.18,21.07,142.82,31.62
112.26,167.12,48,105.55,2.34,21.25,141.56,31.51
120.08,161.75,32,102.32,2.56,21.22,142.25,33.95
120.26,160.64,31.66,105.36,2.46,21.4,140.66,33.73
126.17,161.49,23.38,101.74,2.6,21.07,142.62,35.86
125.49,161.52,24.79,101.54,2.62,21.17,141.53,36.4
128.78,157.72,23.66,98.58,2.74,21.14,142,37.2
129.33,158.29,25.25,97.92,2.81,21.03,143.14,37.42
130.22,157.32,23.74,96.02,2.95,21.13,142.54,37.91
130.6,157.19,22.98,95.66,2.98,21.09,143.23,37.97
133.33,157.77,20.23,95.65,2.95,20.93,144.61,38.81
133.83,157.34,19.35,95,3,21.11,143.2,38.68
134.58,156.12,17.52,96.05,2.96,21.13,143.15,38.93
134.49,154.83,17.56,95.33,3.01,21.13,143.22,38.72
132.65,156.02,19.09,96.07,2.93,21.33,141.72,38.4
132.73,154.66,19.21,97.22,2.89,21.43,140.86,38.25
130.61,156.57,20.95,95.24,2.91,21.48,140.59,37.59
131.69,155.2,19.53,96.17,2.91,21.43,140.95,38.13
130.93,154.54,20.8,96.01,2.94,21.47,140.77,37.55
131.84,154.14,19.91,97.4,2.89,21.47,140.86,38.35
131.4,152.77,19.87,97.13,2.91,21.7,139.19,37.93
131.97,151.59,18.39,96.8,2.92,21.71,139.57,37.29
134.4,150.25,15.95,95.37,3.02,21.42,142.04,37.8
135.36,149.15,15.95,94.04,3.15,21.37,142.97,38.61
133.97,148.91,16.34,94.32,3.1,21.41,142.55,37.89
133.81,147.63,16.06,93.84,3.14,21.28,143.68,37.96
133.92,144.93,15.87,93.63,3.2,21.2,144.74,37.15
131.97,146,16.52,94.1,3.16,21.22,144.48,37.24
130.72,147.18,17.27,94.25,3.11,21.32,143.81,37.23
129.61,146.24,19.17,94.88,3.05,21.45,143.1,36.42
127.94,145.73,20.56,95.65,2.93,21.53,142.28,35.64
126.81,146.26,21.1,96.98,2.87,21.63,141.32,35.81
128.3,148.34,19.29,97.39,2.91,21.5,142.1,36.01
128.67,150.99,18.52,96.65,2.99,21.39,143.04,37.1
129.45,150.76,18.86,96.59,2.98,21.31,143.51,36.79
127.7,150.03,19.99,97.02,2.96,21.45,142.47,36.72
127.05,149.94,21.85,96.9,2.94,21.45,142.54,36.63
127.3,148.97,22.73,97.36,2.91,21.59,141.28,37.42
127.02,149.12,21.32,96.92,2.97,21.6,141.16,37.58
129.32,148.67,18.26,95.19,3.1,21.26,143.92,39.1
127.7,147.77,19.61,96.65,2.99,21.29,143.57,38.26
127.6,149.24,18.86,97.14,2.97,21.4,142.79,39.07
129.4,150.56,17.77,96.4,3,21.2,144.53,40.14
128.42,149.81,18.79,96.79,2.96,21.13,145.14,39.85
128.96,150.42,18.07,96.04,3.01,21.03,146.24,39.05
129.04,150.48,18.49,95.6,3,21.15,145.05,39
130.42,150.22,17.95,96.33,3,21.09,145.74,39.66
131.73,149.5,18.09,95.78,3.03,21.25,144.34,39.68
131.87,149.91,18.3,97.64,2.97,21.39,142.81,39.52
134.9,149.64,15.45,96.69,3.05,21.34,143.38,40.5
133.51,149.7,15.98,96.47,3.06,21.44,142.35,39.71
133,148.22,16.09,96.51,3.06,21.62,140.85,39.6
132.39,148.58,17.07,95.69,3.13,21.71,140.33,39.93
131.95,148.59,17.82,96.14,3.12,21.73,140.54,39.28
132.06,147.83,18.27,95.78,3.13,21.79,139.94,38.47
133.61,147.49,17.43,95.32,3.15,21.65,141.03,39.47
134.68,145.65,15.52,95.27,3.17,21.5,142.56,39.07
134.36,145.6,16.23,95.31,3.17,21.59,141.85,39.5
133.17,144.74,17.55,96.59,3.12,21.6,141.69,38.55
133.19,145.37,18.24,95.61,3.15,21.62,141.26,38.51
134.04,145.63,17.07,95.08,3.19,21.69,140.52,39.44
135.08,146.59,16.03,94.23,3.23,21.54,141.84,39.28
134.44,146.54,16.95,94.83,3.16,21.58,141.49,39.35
135.87,147.9,15.91,94.29,3.19,21.38,143.44,41.08
134.72,147.38,17.16,94.97,3.14,21.4,142.95,40.87
134.2,145.3,18.4,95.07,3.16,21.43,143,38.87
133.61,143.47,18.2,95.49,3.17,21.27,144.69,39.32
134.83,147.73,17.08,94.59,3.22,20.96,147.72,43.26
135.73,149.88,16.7,94.17,3.26,20.97,147.74,44.08
136.22,150.41,15.99,93.64,3.29,20.97,147.74,44.93
136.43,152.37,14.75,93.89,3.3,20.95,147.54,45.15
136.11,149.82,14.62,93.6,3.31,20.96,147.65,44.83
135.67,149.2,15.35,92.89,3.37,21.02,147.41,45.02
134.79,146.38,15.62,93.85,3.32,21.16,145.86,44.48
133.64,146.87,15.77,92.95,3.36,21.21,145.27,44.53
133.78,146.74,14.69,92.6,3.4,21.24,145.01,44.57
133.1,146.5,15.07,92.68,3.4,21.32,144.57,44.22
131.31,145.93,15.83,93.28,3.36,21.53,142.75,42.95
130.56,145.93,16.96,92.88,3.37,21.66,141.76,42.88
132.04,145.05,15.32,92.67,3.41,21.46,143.69,43.71
131.56,143.81,16.27,91.43,3.48,21.42,144.39,43.28
131.46,141.9,16.92,91.5,3.47,21.5,143.89,42.75
131.47,141.61,17.09,90.93,3.5,21.48,144.2,42.3
132.46,142.64,16.59,89.96,3.57,21.53,143.71,43.64
132.86,143.66,17.87,89.88,3.57,21.5,144,45.15
133.32,142.51,17.11,90.36,3.56,21.67,142.47,43.99
133.66,142.38,16.9,90.54,3.55,21.66,142.74,43.37
133.24,142.05,17.25,91.92,3.49,21.78,141.67,43.1
133.26,139.84,17.5,92.29,3.43,21.77,141.63,43.26
133.15,139.2,17.4,92.19,3.45,21.77,141.66,43.17
132.59,139.86,17.74,92.13,3.45,21.79,141.16,42.6
132.77,138.67,17.71,92.32,3.45,21.83,140.69,41.66
131.86,138.21,18.16,91.59,3.49,21.85,140.49,41.83
130.98,138.54,19.44,92.3,3.45,21.86,140.36,41.42
131.3,139.26,17.91,92.17,3.44,21.88,140.17,42.18
130.9,139.22,18,92.4,3.4,21.73,141.13,42.05
129.66,140.34,19.17,93.1,3.35,21.78,140.46,42.11
129.29,139.05,20.21,93.22,3.33,21.66,141.4,41.93
129.74,139.14,20.61,92.91,3.32,21.65,141.64,41.13
127.76,138.37,24.44,93.46,3.28,21.72,141.14,40.97
127.85,136.97,26.37,93.21,3.25,21.82,139.63,40.69
126.18,136.24,29.4,93.93,3.21,22.01,138.32,39.68
128.56,136.27,24.32,92.88,3.32,21.94,139.41,39.39
130.05,138.86,21.13,91.51,3.35,21.92,139.44,40.91
130.84,138.22,20.08,91.55,3.39,22.03,138.47,40.69
129.94,137.77,21.79,92.07,3.39,22.19,137.33,41.4
132.39,139.41,20.22,90.55,3.47,22.02,138.47,42.05
132.58,139.36,19.82,89.68,3.54,22.06,138.42,42.31
131.43,139.72,20.66,90.23,3.5,21.96,139.18,42.37
132.47,139.35,19.06,90.81,3.49,21.94,139.28,42.33
133.47,138.09,18.6,90.06,3.57,21.97,139.04,41.18
131.21,139.92,20.7,90.95,3.46,22,138.09,41.39
130.93,140.03,21.01,92.37,3.41,22.12,137.16,40.48
133.15,137.66,18.35,92.4,3.41,22.09,137.43,39.19
132.33,137.38,19.22,92.28,3.42,22.19,136.98,39.68
130.93,136.48,21.32,91.74,3.44,22.15,137.47,38.97
131.02,137.51,22.13,91.16,3.49,22.23,136.91,39.8
131.83,136.29,20.8,90.83,3.46,22.36,135.98,38.49
134.53,135.41,16.43,89.49,3.59,22.3,136.32,36.36
134.25,135.04,16.59,89.77,3.57,22.41,135.53,36.06
133.85,134.1,16.72,89.63,3.62,22.47,135.17,35.53
133.01,133.97,16.37,89.92,3.62,22.6,134.29,35.39
133.43,132.95,15.95,89.52,3.61,22.58,134.34,35.88
133.11,132.32,15.69,89.46,3.65,22.55,134.97,36.05
132.32,132.85,16.09,88.19,3.71,22.49,135.43,36.54
132.27,133.07,15.87,89.22,3.64,22.31,136.79,36.5
132.57,133.14,15.81,88.45,3.72,22.41,135.8,36.64
131.97,131.68,16.28,89.27,3.64,22.43,135.34,36.66
131.15,131.66,15.93,88.81,3.65,22.43,135.36,37.34
130.78,132.2,16.69,89.72,3.54,22.36,135.8,38.09
130.49,130.45,17.3,90.47,3.49,22.18,137.55,38.18
130.74,130.8,17.63,90.45,3.44,22.14,137.78,38.07
128.68,129.87,19.53,91.22,3.38,22.36,136.38,38.61
127.72,130.28,20.04,91.92,3.33,22.49,135.57,37.58
129.99,127.93,16.15,91.44,3.38,22.35,136.86,35.94
129.67,131.16,16.64,91.03,3.43,22.39,136.35,36.85
129.17,130.1,17.59,92.43,3.32,22.43,136.28,36.27
129.1,130.36,17.65,91.56,3.41,22.44,135.92,36.93
128.37,131.03,18.47,91.52,3.42,22.49,135.63,37.51
128.08,131.2,17.99,90.8,3.46,22.68,134.21,37.57
128.25,133.72,17.31,92.07,3.34,22.61,134.17,38.54
129.52,133.43,15.87,91.41,3.36,22.75,133.29,38.73
129.3,132.69,15.46,91.84,3.33,22.77,133.2,38.92
128.37,134.05,16.39,92.43,3.3,22.8,132.96,38.65
128.58,135.46,16.24,91.61,3.36,23.04,130.78,38.99
127.43,134.91,16.89,92.33,3.34,23.27,129.28,38.88
126.98,134.12,17.54,92.85,3.3,23.28,129.04,38.17
127.14,133.58,17.14,92.35,3.33,23.36,128.59,37.67
127.39,133.83,17.4,91.86,3.42,23.29,129.64,37.68
127.64,134.37,17.02,91.46,3.48,23.11,131.04,38.52
126.98,134.75,17.38,93.52,3.35,22.88,132.45,38.08
127.05,138,17.61,93.41,3.34,22.82,132.97,39.05
125.75,138.72,17.75,94.12,3.31,22.71,133.09,39
125.72,137.03,17.52,93.09,3.37,22.92,132.35,38.12
125.92,137.71,17.28,93.16,3.34,23,131.71,38.82
125.83,137.22,17.52,91.61,3.48,23.16,130.67,38.91
125.65,135.02,17.67,93.76,3.35,23.15,131.08,38.71
125.6,134.66,16.47,92.93,3.39,23.2,130.67,38.98
125.78,135.05,15.45,93.12,3.35,23.27,130.47,38.64
125.39,135.32,16.49,93.79,3.33,23.29,130.44,38.29
124.6,135.11,16.41,93.14,3.35,23.24,130.73,38.05
124.3,134.2,16.11,93.24,3.33,23.19,131.36,37.81
124.82,133.81,17.39,91.57,3.48,23.09,131.88,37.77
124.1,134.7,17.94,90.94,3.52,23.15,131.69,37.99
124.67,136.18,17.61,92.14,3.45,22.91,133.3,37.9
124.56,136.05,17.55,93.5,3.28,22.87,133.42,37.89
124.48,135.41,17.61,93.15,3.3,23.12,131.79,37.66
123.76,135.37,17.25,93.72,3.22,23.12,131.9,37.94
123.28,134.79,17.74,93.26,3.24,23.1,132.13,37.96
122.83,136.5,17.99,94.17,3.16,23.09,132.23,37.8
122.76,139.11,18.02,96.23,2.94,22.99,132.64,38.22
122.89,138.07,18.01,94.89,3.02,22.88,133.58,38.31
122.56,135.2,19.39,95.64,3,23.16,131.77,37.77
121.01,135.38,21.36,95.89,2.96,23.3,130.87,37.2
118.49,135.42,23.54,98.41,2.8,23.5,129.3,36.04
119.16,133.51,21.53,97.9,2.82,23.35,130.73,36.78
118.8,133.11,22.22,97.07,2.86,23.21,131.98,35.97
120.2,134.18,19.56,95.74,2.91,23.07,132.76,36.08
118.45,134.41,20.63,97.48,2.76,23.04,133.23,34.95
120.19,133.48,18.37,97,2.81,22.74,135.71,35.05
120.29,132.2,18.04,96.59,2.88,22.67,136.36,35.22
119.96,132.09,18.75,96,2.9,22.74,135.78,35.5
118.22,130.38,21.76,95.61,2.86,22.9,134.65,34.73
118.16,130.97,22.58,96.14,2.85,22.92,134.35,35.45
120.03,132.42,20.2,93.81,2.91,22.79,135.18,36.5
120.2,133.69,20.61,95.81,2.76,22.61,136.4,36.47
121.64,137.66,18.64,96.33,2.65,22.64,136.07,37.84
122.1,137.24,18.47,96.38,2.65,22.48,137.24,38.04
121.61,135.59,19.08,96.25,2.66,22.5,137.27,37.05
122.49,137.78,18.29,98.42,2.56,22.31,138.67,37.53
122.72,136.38,18.26,97.98,2.54,22.18,139.83,37.65
122.26,136.03,18.52,99.69,2.48,21.97,141.5,37.49
119.95,131.57,19.56,98.92,2.62,22.14,140.7,36.74
119.47,132.49,21.57,100.98,2.59,22.25,139.76,36.27
118.53,131.92,21.83,99.67,2.63,22.41,138.36,35.81
118.49,132.62,21.2,100.42,2.61,22.37,138.69,35.17
118.4,131.24,20.88,99.49,2.66,22.41,138.77,35.39
118.38,129.52,20.71,99.22,2.71,22.65,137.17,35.42
118.72,130.88,20.22,100.1,2.64,22.52,138.04,35.68
118.7,130.85,19.85,101.67,2.55,22.37,139.19,35.57
118.35,129.73,18.78,101.38,2.56,22.47,138.78,35.49
118.13,129.47,19.27,100.7,2.53,22.47,138.73,34.85
117.87,131.32,19.79,101.91,2.47,22.39,138.97,35.59
116.73,130.11,20.63,101.69,2.47,22.7,136.81,34.62
118.28,134.28,19.09,101.08,2.49,22.32,139.42,36.28
117.7,133.68,19.03,100.27,2.58,22.34,139.25,35.47
117.46,134.75,19.88,101.51,2.49,22.21,140.22,36
117.92,134.07,19.07,103.05,2.43,22.36,139.04,36.16
117.01,131.96,18.93,103.21,2.42,22.42,138.65,35.65
116.65,132.29,18.96,104.24,2.42,22.49,138.2,35.6
116.54,131.66,20.71,104.22,2.38,22.4,138.75,36.15
115.89,130.37,21.56,104.68,2.4,22.48,138.62,35.46
116.03,131.81,21.49,105.56,2.4,22.45,138.83,36.28
116.04,130.99,21.76,104.25,2.47,22.56,137.85,36.09
113.75,128.46,23.53,104.88,2.48,22.75,136.39,35.59
114.61,128.91,22.5,104.61,2.53,22.65,137.25,35.63
114.13,127.91,23.7,105.51,2.52,22.84,135.81,34.84
114.47,127.95,23.25,105.58,2.51,22.84,135.79,33.94
114.67,127.85,22.6,106.02,2.46,22.88,135.29,33.19
114.27,126.72,22.54,105.3,2.52,23,134.2,33.24
114.82,126.69,21.71,103.5,2.61,22.97,134.41,33.4
112.5,126.3,23.87,104.91,2.56,23.21,132.7,32.67
113.42,126.2,22.51,104.61,2.55,23.14,133.41,32.58
113.98,126.01,22.35,103.68,2.59,23.31,131.83,32.65
114.21,124.87,21.5,102.26,2.71,23.57,130.13,33.22
112.49,124.54,22.01,101.67,2.75,23.6,129.88,32.65
113.05,124.63,21.72,101.26,2.76,23.54,130.3,32.98
113.08,123.94,22.1,102.27,2.72,23.62,129.62,33.49
112.65,124.02,21.56,103.81,2.67,23.52,129.59,33.89
112.72,121.62,21.21,102.82,2.74,23.72,128.26,34.03
111.48,121.73,21.99,102.32,2.8,23.98,126.66,33.77
110.92,121.56,22.81,102.79,2.76,23.96,126.59,32.89
110.41,122.71,23.25,104.86,2.65,23.96,126.68,33.14
109.64,122.7,23.8,105.7,2.61,24.04,126.48,32.77
110.89,121.86,21.31,103.58,2.71,23.79,128.47,33.09
109.47,122.29,23.19,104.88,2.63,23.91,127.77,33.39
108.46,121.69,23.89,106,2.58,23.93,127.56,32.95
105.31,122.08,26.05,108.56,2.48,24.12,126.25,31.92
105.31,120.91,27.21,107.37,2.55,24.14,126.21,33.02
106.86,121.01,24.45,105.35,2.65,24.07,126.89,33.57
105.23,120.96,27.37,108.42,2.5,24.03,126.85,32.62
105.94,121.36,26.7,107.41,2.54,24.18,126.07,32.37
105.53,120.36,27.46,107.76,2.5,24.14,126.28,31.77
107.12,119.78,25.66,106.06,2.61,24.18,126.2,32.43
107.53,119.97,25.49,106.04,2.61,24.13,126.65,32.95
107.88,120.39,26.44,106.16,2.58,23.96,127.75,33.25
109.79,120.22,24.59,104.53,2.64,23.91,128.14,33.68
109.59,119.75,24.33,104.25,2.64,23.88,128.34,33.87
108.26,119.73,26.1,104.85,2.58,23.96,127.74,33.61
108.31,118.74,26.24,102.29,2.69,24.11,127.08,33.79
108.63,118.77,25.73,101.03,2.73,24.01,127.82,33.92
109.3,117.34,25.39,101.28,2.68,23.93,128.41,34.74
112.38,117.73,22.37,99.94,2.78,23.52,131.39,35.87
112.99,117.4,22.14,99.73,2.82,23.47,131.83,36.53
112.39,117.84,21.74,100.1,2.82,23.35,132.45,36.2
112.85,116.98,22.1,99.02,2.91,23.47,131.46,36.71
112.97,116.72,22.21,98.56,2.95,23.55,131.18,36.9
112.22,115.99,22.63,99.32,2.91,23.42,131.87,36.91
112.76,115.54,22.01,98.75,2.96,23.52,131.26,36.48
110.27,115.49,23.5,100.48,2.91,23.74,129.88,35.34
110.29,114.29,24.13,98.94,3,23.73,130.31,35.06
110.83,113.78,24.25,98.97,3,23.89,129.44,34.36
111.55,113.51,23.19,98.65,3.05,23.9,129.58,34.67
111.56,115.52,22.73,99.61,2.99,23.86,129.51,35.35
110.41,116.09,23.47,99.78,2.99,23.99,128.72,35.39
109.46,116.86,24.63,100.85,2.93,24.03,128.42,35.42
107.07,115.85,25.64,102.03,2.89,24.23,127.27,34.2
108.48,116.65,23.93,100.33,2.93,24.07,128.49,34.82
107.29,115.73,25.97,100.18,2.96,24.03,128.98,34.46
106.66,116.67,26.25,100.8,2.94,24.01,128.82,34.16
109.68,118.23,25.14,100.31,2.98,23.97,128.91,34.58
109.65,118.3,24.89,99.32,3.05,24.25,126.97,34.66
109.66,118.36,24.56,98.33,3.11,24.3,126.73,34.74
108.03,117.34,24.43,99.18,3.05,24.51,125.48,33.78
107.96,118.36,24.98,99.22,3.06,24.44,126,34.34
107.16,117.21,25.71,99.79,3.02,24.38,126.5,34.23
106.11,117.73,26.84,100.43,2.98,24.41,126.01,33.65
102.87,116.51,29.65,101.62,2.93,24.49,125.8,32.61
102.2,118.49,30.12,100.79,2.98,24.57,125.08,32.6
102.76,117.04,32.86,101.6,2.93,24.6,124.77,32.87
103.22,121.68,34.54,101.75,2.95,25.06,121.87,33.96
104.21,121.27,34.13,101.07,2.97,25.08,121.56,34.17
107.53,121.09,29,99.98,3.03,24.96,122.33,35.21
107.87,122.76,28.53,99.05,3.11,24.83,123.44,35.66
107.42,121.3,29.74,98.65,3.12,24.97,122.86,34.39
109.23,120.95,26.91,99.24,3.12,24.97,122.69,34.24
109.57,121.45,27.05,98.57,3.17,25.07,122.38,35
111.41,120.39,24.88,97.41,3.24,25.03,122.78,35.33
111.73,122.83,23.95,97.69,3.22,24.94,123.36,35.41
112.14,121.9,25.05,97.85,3.19,24.95,123.49,35.14
111.96,120.33,25.92,97.06,3.28,25.1,122.63,35.49
112,120.99,25.87,96.51,3.31,25.02,123.07,35.23
109.51,119.6,28.58,96.91,3.28,25.23,121.89,34.33
109.68,120.01,28.79,97.41,3.22,25.46,120.57,34.23
109.15,118.97,30.57,96.19,3.32,25.38,121.05,34.77
106.05,120.56,33.73,97.94,3.19,25.65,119.52,33.95
106.62,121,33.7,98.05,3.17,25.75,119.12,33.19
105.49,121.49,36.57,98.54,3.18,25.83,118.8,32.59
106.82,119.19,35.48,97.79,3.19,25.77,119.28,32.68
110.71,117.96,29.46,95.23,3.38,25.47,121.22,34.26
110.33,119.78,30.17,95.93,3.33,25.34,122.11,33.79
107.53,119.91,35.54,96.85,3.3,25.35,122.03,33.18
109.37,118.88,32.07,96.5,3.3,25.34,122.37,34.04
110.76,118.69,29.68,96.06,3.34,25.2,123.22,34.31
107.17,118.47,35.02,98.29,3.22,25.47,121.57,32.59
107.82,117.36,34.61,98.57,3.16,25.3,122.98,31.85
107.71,116.84,38.32,98.09,3.23,25.23,123.42,32.17
109.11,115.22,40.1,98.43,3.2,24.98,125.36,32.27
107.54,115.84,45.79,98.33,3.26,25.09,124.75,32.2
111.76,116.63,35.32,96.3,3.36,25.22,123.5,33.51
112.4,119.49,33.55,95.98,3.38,25.46,121.77,33.47
113.95,119.36,30.84,94.53,3.47,25.19,123.48,33.88
113.89,120.37,31.24,94.88,3.44,25.19,123.47,34.81
115.99,120.56,26.68,93.26,3.56,24.96,124.95,36.13
117.45,121.4,25.52,92.65,3.57,24.82,125.91,36.77
115.83,120.66,28.32,93.36,3.54,24.75,126.45,36.76
116.16,117.57,28.84,93.6,3.54,24.64,127.51,37.23
111.26,118.27,40.95,95.58,3.43,24.7,126.96,36.31
112.94,118.49,32.8,96.79,3.4,24.81,125.96,36.96
116.82,115.09,24.91,93.89,3.55,24.61,127.86,38.31
117.52,114.87,23.84,93.34,3.61,24.38,129.7,39.7
120.35,115.73,20.19,91.69,3.7,24.11,131.61,41.46
118.81,115.36,22.05,92.13,3.66,23.96,132.77,41.33
120.86,114.28,18.44,91.08,3.73,24,132.07,41.04
119.38,114.31,21.08,90.7,3.77,24.11,131.63,39.97
118.48,114.63,22.81,91.48,3.69,24.12,131.43,39.37
121.35,112.75,17.47,90.21,3.82,23.83,133.3,40.35
121.81,113.19,16.62,90.11,3.82,23.84,133.37,40.95
121.02,111.84,16.47,90.43,3.77,23.89,132.78,40.3
120.66,112.31,16.32,90.7,3.74,23.78,133.65,40.27
120.88,111.46,15.73,89.96,3.81,23.73,134.1,40.3
119.81,111.15,17.34,89.64,3.81,23.69,134.51,40.11
119.36,111.24,18.36,89.86,3.77,23.65,134.77,40.6
121.29,113.65,15.89,89.21,3.85,23.57,135.47,41.71
121.19,113.03,15.59,89.11,3.86,23.48,136.22,41.76
119.83,112.69,16.2,89.74,3.81,23.6,135.51,40.89
119.74,113.01,15.58,89.45,3.85,23.6,135.48,40.93
119.55,113.64,16.14,88.98,3.89,23.7,134.58,41.17
118.77,112.65,16.48,88.77,3.9,23.88,133.16,41.44
118.36,112.49,16.62,88.73,3.86,23.9,133.22,41.52
119.04,111.03,16.23,87.61,3.97,23.85,133.73,42.02
118.76,110.89,17.02,87.47,3.99,23.78,134.48,42.07
117.8,110.26,17.47,88.95,3.86,23.66,135.51,41.24
117,108.95,17.59,89.5,3.83,23.8,134.73,40.29
117.4,107.97,17.13,88.89,3.87,23.93,133.83,39.95
117.32,108.75,17.59,88.61,3.86,23.84,134.46,39.96
116.58,108.59,17.77,88.95,3.86,23.96,133.8,38.83
116.65,106.78,18.4,88.7,3.9,24.13,132.52,38.9
116.84,106.3,17.55,89.27,3.83,24.05,132.94,38.94
117.41,108.32,16.35,90.93,3.68,23.73,134.67,39.7
116.59,107.75,16.87,91.36,3.66,23.65,135.21,39.56
115.97,108.28,16.97,91.26,3.69,23.71,135.06,39.2
117.04,110.34,16.62,91.17,3.67,23.55,135.8,39.92
117.1,109.59,16.91,91.47,3.64,23.39,137.11,40.23
116.41,110.4,17.69,91.08,3.65,23.38,137.47,39.79
115.49,108.36,18,90.36,3.7,23.55,136.44,38.83
115.46,107.95,17.58,90.48,3.71,23.42,137.3,39.51
115.45,108.6,18.06,89.92,3.72,23.57,136.48,40.05
114.97,108.47,18.57,89.59,3.72,23.62,136.22,39.9
114.46,109.72,17.92,89.82,3.7,23.66,135.71,39.55
114.27,109.88,17.79,89.8,3.71,23.62,136,39.79
114.25,110.81,17.42,90.27,3.68,23.63,135.91,39.85
112.64,110.83,18.72,91.47,3.61,23.64,135.64,39.15
112.3,111.63,18.83,90.99,3.62,23.51,136.65,39.4
112.2,111.02,19.06,91.22,3.61,23.65,135.82,38.8
111.89,109.43,19.26,91.34,3.61,23.72,135.32,38.35
110.74,109.43,19.5,91.67,3.6,23.64,135.85,38.82
110.67,108.31,20.1,91.2,3.64,23.71,135.27,38.11
110.82,107.36,20.27,90.69,3.69,23.76,135.05,38.99
109.81,107.89,21.37,90.47,3.69,23.81,134.75,38.33
111.16,109.07,19.94,89.08,3.8,23.68,135.7,39.03
111.14,109.47,20.02,89.45,3.78,23.72,135.65,39.09
110.91,109.98,20.63,88.97,3.8,23.65,135.86,38.73
110.26,109.25,21.72,89.33,3.74,23.65,135.82,37.97
109.74,109.62,22.25,90.36,3.66,23.43,137.41,37.79
108.04,107.04,22.73,90.19,3.69,23.63,135.87,36.31
108.13,107.13,23.96,89.82,3.73,23.55,136.59,36.78
107.01,105.12,25.4,90.31,3.69,23.56,137.06,36.51
107.22,105.41,26,91.18,3.63,23.49,137.52,36.21
105.89,104.04,26.51,92.1,3.59,23.64,136.37,35.09
106.66,104.68,26.11,91.98,3.55,23.65,136.4,35.21
106.44,104.37,26.08,91.78,3.61,23.55,137.16,35.8
109.83,108.7,21.6,90.35,3.7,23.4,138.71,37.65
110.38,109.13,21.48,91.41,3.63,23.27,139.38,37.53
109.06,108.35,22.59,91.15,3.65,23.35,139.05,36.72
107.39,105.96,24.62,92.31,3.61,23.45,138.39,35.64
108.57,106.48,23.73,91.51,3.66,23.27,139.46,36.16
109.83,106.53,23.14,91.56,3.64,23.23,139.96,36.08
109.31,107.56,24.55,91.61,3.63,23.15,140.55,36.5
109.77,107.48,25.41,91.58,3.63,23.05,141.26,36.81
109.21,107.17,27.31,92,3.6,23.08,141.14,36.34
111.7,107.37,22.27,92.16,3.61,23.12,140.7,37.24
113.89,108.94,18.68,91.74,3.66,23.12,140.78,37.89
115.06,111.52,17.58,90.82,3.71,22.84,142.78,38.93
113.64,110.86,17.91,91.08,3.68,22.77,143.55,38.4
114.93,112.03,17.63,90.52,3.73,22.64,144.76,39.06
114.62,111.54,17.85,89.27,3.78,22.7,144.83,39.21
113.66,110.49,18.25,90.32,3.72,22.72,144.65,39.63
114.73,112.85,17.55,88.8,3.82,22.72,144.94,40.54
114.57,111.37,18.13,89.29,3.81,22.84,143.91,40.93
114.19,110.82,19.06,89.33,3.82,23,142.97,40.72
113.71,111.51,19.16,89.18,3.81,22.85,143.89,40.97
113.63,109.7,19.35,90.39,3.76,22.91,143.46,40.41
113.33,109.8,20.04,89.81,3.84,22.92,143.86,40.27
111.44,107.31,21.68,89.89,3.84,23.08,142.91,39.28
112.52,106.93,19.96,90.32,3.78,23.04,143.12,39.14
112.56,107.47,20.01,89.73,3.81,23.04,143.3,38.84
112.72,108.55,19.93,89.46,3.84,22.97,143.56,38.86
112.48,108.36,19.47,89.71,3.81,23.03,143.29,38.2
111.95,106.55,19.71,90.65,3.75,23.03,143.01,37.74
111.73,106.17,19.54,90.63,3.74,23.16,142.29,36.56
111.33,106.95,20.49,91.14,3.68,23.08,142.62,36.16
110.21,108.95,21.68,92.79,3.55,23.01,143.12,36.66
110.18,107.34,22.57,93.19,3.49,23.01,143.2,36.36
111.52,111.59,20.54,91.68,3.6,22.77,145.1,36.74
111.35,110.21,21.5,91.79,3.6,22.79,145.13,35.93
111.87,110.24,21.15,92.2,3.55,22.63,146.3,35.58
111.11,109.32,21.59,92.09,3.54,22.68,146.05,35.48
110.64,110.82,22.32,92.1,3.48,22.5,147.08,35.73
110.02,110.84,22.66,93.17,3.42,22.5,147.08,35.87
109.61,110.95,23.69,93.6,3.39,22.59,146.8,36.85
110.84,113.11,22.1,93.46,3.45,22.48,147.9,37.49
111.01,113.75,21.25,93.34,3.48,22.48,148.24,38.33
110.38,118.7,22.46,94.34,3.38,22.15,150.52,38.52
111.25,119.18,21.12,95.33,3.32,22.14,150.28,38.84
111.3,117.38,21.92,95.25,3.28,22.07,150.66,39.62
109.94,115.64,24.51,96.63,3.2,22.17,149.92,39.15
109.57,115.06,24.74,96.4,3.23,22.26,149.39,38.5
111.38,116.62,20.48,96.04,3.28,22.03,151.26,39.5
110.99,114.73,20.47,95.6,3.32,22.29,149.46,38.58
110.82,114.29,21.16,95,3.36,22.27,149.51,39.38
109.43,112.94,22.19,95.12,3.36,22.44,148.44,39.42
109.82,112.3,22.63,95.14,3.35,22.35,148.99,39.66
111.27,112.25,21.63,94.97,3.37,22.28,149.4,40.67
111.34,111.97,22.41,95.53,3.32,22.36,148.54,40.48
111.21,111.63,22.89,95.02,3.33,22.22,149.57,40.29
109.62,109.74,23.36,93.92,3.43,22.32,149.01,39.12
109.03,108.21,24.24,93.49,3.45,22.8,148.23,39.27
110.15,109.6,23,93.66,3.47,22.48,149.64,40.55
109.59,108.39,22.84,93.27,3.48,22.44,149.63,40.41
109.57,108.19,23.15,93.44,3.49,22.54,149.68,40.5
107.13,107.43,24.19,93.33,3.5,22.83,148.3,39.7
106.85,106.98,25.43,93.24,3.53,22.94,148.56,40.8
104.92,107.1,27.72,93.24,3.55,22.51,148.49,40.99
104.65,106.46,28.81,94.1,3.47,22.68,146.93,40.62
104.32,103.95,29.78,95.05,3.42,22.62,147.52,39.97
103.56,102.53,30.69,95.78,3.39,22.7,147.02,39.32
106.65,102.69,24.76,94.41,3.5,22.57,148.15,40.9
104.41,100.73,27.91,95.45,3.41,22.73,146.97,39.46
106.42,101.85,24.83,95,3.46,22.64,147.77,40.59
106.91,101.86,24.31,93.72,3.55,22.58,148.48,40.13
108.08,103.49,22.27,94.95,3.47,22.43,149.81,40.91
109.33,103.92,20.69,95.67,3.42,22.31,150.14,41.47
108.23,103.75,22.22,96.14,3.41,22.32,149.85,41.33
109.21,103.42,20.9,96.72,3.34,22.46,149.15,40.39
109.79,104.23,21.49,96.2,3.39,22.36,149.31,40.76
108.89,103.18,21.43,95.45,3.42,22.47,148.8,40.45
109.71,102.86,21.72,94.68,3.47,22.41,149.21,39.91
109.31,104.18,22.86,95.12,3.42,22.4,149.06,38.61
107.46,104.26,22.99,96.55,3.31,22.57,148.17,38.15
107.68,103.56,23.01,96.05,3.38,22.62,147.68,37.69
107.26,102.84,23.12,95.9,3.38,22.72,146.93,37.16
106.61,103.64,24.18,98.15,3.26,22.54,147.66,36.68
105.8,102.36,24.68,99.19,3.17,22.69,146.68,35.96
105.51,102.28,25.7,98.04,3.25,22.67,147.07,36.54
104.02,99.82,26.84,99.02,3.22,22.77,146.37,36.18
102.49,98.37,28.68,99.01,3.22,22.9,145.59,35.87
102.97,97.89,28.27,99.7,3.19,22.95,145.08,36.23
105.59,98.85,25.61,98.66,3.31,22.79,146.23,36.19
106,97.43,25.19,98.75,3.29,22.92,145.59,34.31
106.32,97.05,24.88,98.84,3.3,22.88,145.96,34.51
104.45,97,25.61,97.98,3.33,22.81,146.56,34
105.01,97.55,24.95,96.75,3.38,22.87,146.43,33.97
106.18,98.83,23.49,96.47,3.42,22.7,147.3,35.13
107.07,99.67,23.08,96.18,3.46,22.6,147.89,36.98
106.45,98.36,24.06,95.98,3.49,22.84,146.67,35.85
106.72,98.67,23.92,95.76,3.47,22.76,146.93,37.12
107.16,99.34,23.65,96.62,3.4,22.68,147.25,37.49
107.32,99.91,23.69,95.42,3.47,22.64,147.19,37.43
105.72,98.9,23.42,95.25,3.45,22.71,146.67,36.7
105.28,97.96,23.86,95.74,3.41,22.79,146.13,35.71
104.77,98.78,24.15,96.7,3.34,22.81,145.74,35.82
104.79,97.7,23.55,96.17,3.34,22.86,145.79,37.37
103.73,97.08,24.32,94.43,3.48,22.91,145.46,36.94
102.94,97.43,25.62,94.54,3.47,22.99,144.89,36.94
102.06,97.53,25.26,95.21,3.44,23.25,142.96,35.13
100.65,97.46,27.1,96.86,3.33,23.34,142.44,35.32
99.82,96.19,28.9,97.46,3.3,23.32,142.65,35.18
100.2,93.9,29.15,96.06,3.38,23.41,142.08,35.27
102.46,93.4,26.01,96.6,3.4,23.26,143.29,36.05
103.38,93.87,24.76,96.51,3.45,23.28,142.94,37.66
103.4,93.19,24.68,96.07,3.46,23.24,143.52,37.72
103.17,92.79,24.95,96.45,3.44,23.37,142.46,36.95
103.16,92.76,24.92,96.01,3.45,23.28,143.08,37.17
102.96,92.34,25.14,95.47,3.49,23.28,142.85,38.3
102.97,93.65,25.01,93.77,3.56,23.23,143.3,38.23
100.99,92.27,25.09,95.74,3.43,23.31,142.5,37.67
99.96,92.53,26.26,94.96,3.46,23.38,142.25,38.12
99.09,92.06,26.18,94.18,3.53,23.53,141.2,36.86
98.31,91.61,27.89,94.73,3.49,23.59,140.79,35.52
100.79,93,24.27,93.35,3.56,23.45,141.86,36.03
101.57,93.72,24.71,92.99,3.59,23.36,142.77,37.8
100.8,92.95,25.45,91.69,3.7,23.47,142.03,37.35
99.73,92.79,25.99,92.68,3.69,23.58,141.42,36.86
100.99,92.93,24.99,91.62,3.77,23.56,141.33,37.71
101.2,93.75,24.76,90.49,3.85,23.48,141.67,37.65
99.89,94.6,25.67,91.25,3.75,23.21,143.51,38.27
100.41,94.78,24.9,90.94,3.76,23.1,144.09,38.2
100.7,94.68,24.89,92.32,3.68,23.13,143.95,37.97
100.44,93.87,25.56,93.06,3.64,23.13,144.07,37.92
98.81,93.35,25.92,94.81,3.5,23.32,142.47,36.81
98.67,91.62,25.4,93,3.64,23.63,140.6,35.49
97.65,91.2,25.61,91.7,3.66,23.66,140.33,33.47
97.89,92.11,25.01,91.2,3.69,23.49,141.7,35.76
98.35,93.71,24.28,90.4,3.71,23.42,142.37,36.32
98.06,93.41,23.09,91.45,3.67,23.44,142.15,36.22
97.66,93.26,23.43,91.01,3.71,23.47,141.95,35.79
95.55,93.44,23.47,92.71,3.55,23.47,142.06,34.81
95.57,93.13,23.87,93.55,3.48,23.51,141.97,34.94
95.13,93.28,24.4,91.72,3.59,23.5,142.25,34.83
94.13,91.93,24.34,91.24,3.65,23.66,141.01,34.24
93.11,91.98,25.42,92.67,3.56,23.61,141.4,33.56
93.26,92.24,25.89,91.68,3.6,23.63,141.07,33.47
90.61,90.81,25.02,94.1,3.45,23.86,139.38,32.11
90.1,90.19,26.31,95.69,3.35,23.84,139.95,32.37
87.96,89.58,29.02,96.23,3.3,23.88,139.45,32.38
88.17,89.51,29.78,95.35,3.41,23.82,140.32,32.77
88,89.27,31.3,96.5,3.29,24.02,138.8,32.57
88.06,90.71,30.85,94.75,3.46,24.05,139.11,33.81
89.8,90.76,29,94.12,3.51,23.95,139.81,34.71
89.81,91.25,27.95,94.3,3.49,23.91,140,36.05
92.33,92.39,26.22,94.08,3.54,23.78,141.44,37.46
91.95,91.18,26.35,94.57,3.52,23.9,140.33,37.93
92.7,92.04,25.35,94.73,3.49,23.81,140.82,38.67
91.84,92.29,25.93,94.59,3.51,23.83,140.71,37.51
92.08,92.31,26.36,94.43,3.55,23.97,139.91,38.05
90.12,91.45,29.05,92.73,3.68,23.99,139.42,37.09
89.35,90.92,30.58,93.67,3.64,23.85,140.76,37.41
89.28,90.54,31.17,92.58,3.69,24.13,138.65,36.25
92.04,91.9,27.99,91.69,3.79,23.97,139.46,37.97
92.22,91.61,30.03,90.45,3.83,24.08,138.91,38.85
91.55,92.35,31.54,91.84,3.65,23.97,139.49,38.7
91.64,91.93,32.68,92.36,3.67,24.11,138.36,38.51
92.9,91.1,30.81,90.78,3.71,24.43,137.99,38.52
95.08,92.17,28.15,89.97,3.79,23.99,139.99,39.43
94.82,93.7,28.11,89.17,3.86,23.76,141.06,39.68
94.4,93.86,28.46,88.19,3.94,24,139.93,38.97
94.64,93.83,28.27,89.6,3.86,23.86,140.77,38.19
94.16,93.56,29.77,89.61,3.89,24.17,139.07,37.54
94.55,93.71,29.62,89.84,3.86,24.16,139.67,37.4
94.53,96.23,30.18,90.53,3.72,23.75,141.8,37.69
93.65,94.41,31.02,92.44,3.55,23.8,141.53,36.25
94.85,96.36,29.63,91.58,3.64,23.45,143.24,37.61
94.77,95.73,30.04,91.09,3.71,23.67,141.61,37.43
92.53,96.2,28.92,94.17,3.46,23.73,141.38,36.4
90.92,94.24,31.67,91.8,3.67,24.07,139.41,35.34
89.67,93.45,32.36,90.49,3.69,24.05,139.02,34.58
91.3,93.76,30.62,92.12,3.49,23.97,139.81,34.11
89.02,94.15,32.63,93.53,3.45,23.92,140.05,33.7
89.21,93.85,31.35,94.58,3.35,24.09,139.06,33.38
90.51,92.25,29.03,97.02,3.2,24.25,137.71,33.87
91.12,90.96,28.8,96.01,3.24,24.55,136.35,32.79
91.23,90.36,30.24,96.52,3.21,24.68,135.55,32.71
88.71,91.55,33.12,98.04,3.12,24.81,134.9,31.3
89.44,91.03,31.37,98.07,3.11,24.64,136.35,32.4
88.68,91.09,33.65,97.69,3.11,24.72,135.85,32.19
90.97,90.7,31.8,96.64,3.17,24.63,136.38,32.63
91.24,89.69,32.87,96.29,3.18,24.76,135.85,32.29
92.98,89.98,32.05,94.94,3.29,24.63,136.24,32.49
90.86,89.44,33.44,94.71,3.3,25.08,133.85,31.49
92.14,89.54,32.45,97.08,3.15,25.08,133.28,31.43
90.57,88.25,33.36,97.31,3.16,25.13,133.2,30.15
90.88,88.64,34.53,97.43,3.16,25.05,134.04,30.56
87.89,86.95,35.3,97.11,3.17,25.28,132.66,29.62
87.42,87.27,36.5,98.08,3.12,25.34,132.33,28.63
87.39,88.33,36.08,98.47,3.1,25.31,132.53,28.56
85.57,87.75,37.95,99.35,3,25.49,131.46,27.85
85.84,89.01,38.32,101,2.92,25.65,130.38,28.08
86.66,89.72,36.82,100.57,3,25.35,132.47,28.9
85.37,88.8,37.15,101.59,2.93,25.55,131.42,27.88
84.54,87.38,38.1,101.6,2.96,25.84,129.95,27.34
85.06,86.89,37.14,102.22,2.9,25.91,129.44,27.33
83.43,86.95,39.18,103.24,2.84,25.97,129.25,27.22
87.08,85.22,33.94,101.7,2.93,25.77,130.24,29.45
86.5,85.81,35.79,102.83,2.83,25.51,131.69,29.29
85.25,87.5,36.17,103.65,2.76,25.42,132.28,29.31
84.35,87.37,37.67,103.83,2.79,25.38,132.75,29.21
85.83,87.88,37.81,103.29,2.85,25.32,133.79,29.68
85.81,86.31,36.53,102.35,2.93,25.66,131.67,30.69
82.53,86.61,38.85,103.65,2.85,25.56,132.51,29.49
81.65,86.74,40.39,102.74,2.91,25.55,132.69,28.94
83.6,85.27,40.93,102.48,2.94,25.36,134.1,30.23
84.26,87.59,39.7,102.92,2.91,25.24,134.85,30.93
83.43,88.8,42.04,105.07,2.75,25.32,134.4,30.98
81.06,91.03,42.28,106.37,2.66,25.66,132.35,28.58
79.52,90.28,44.14,105.71,2.68,25.64,132.87,29.05
78.79,89.98,45.54,104.96,2.71,25.73,131.96,28.7
81.61,90.69,41.04,104.56,2.76,25.57,133.03,30.75
83.11,91.93,40.36,103.79,2.73,25.27,135.24,32.02
81.45,91.98,42.25,102.6,2.77,25.11,135.99,31.21
80.6,90.95,42.93,104,2.65,25.31,134.64,31.61
82.22,92.08,43.23,103.02,2.66,25.03,136.55,31.78
76.71,93.59,45.89,103.92,2.62,25.16,135.68,30.76
78.94,94.35,43.68,104.5,2.6,24.95,136.77,30.36
79.93,93.09,40.06,104.37,2.53,25.25,134.97,29.61
78.18,90.04,40.8,100.56,3,26.09,130.19,29.44
75.86,90.8,43.74,101.11,2.95,26.13,129.62,28.25
76.09,91.3,42.36,102.73,2.88,26.21,129.19,27.63
75.5,91.1,41.18,103.25,2.89,26.18,129.29,28.23
72.64,89.22,43.61,102.76,2.92,26.31,128.51,26.3
72.17,88.14,44.37,101.66,2.98,26.6,126.78,27.83
68.11,90.57,49.68,103.65,2.89,26.75,126.08,28.65
68.92,92.29,49.33,104.26,2.83,26.6,126.35,27.99
68.8,91.99,50.17,104.96,2.82,26.73,125.6,26.56
71.73,88.99,47.56,102.12,3.01,26.59,126.38,27.61
70.07,90.04,50.93,102.59,2.94,26.74,125.83,25.39
70.6,90.93,52.65,103.28,2.92,26.75,125.71,24.48
73.93,92.63,46.35,101.88,3.04,26.48,126.8,27.05
75.62,93.06,44.66,102.47,2.98,26.41,127.4,27.23
76.87,93.15,44.67,103.56,2.94,26.43,127.17,26
77.48,94.73,45.49,104.77,2.8,26.11,128.47,24.44
74.65,97.73,52.62,104.88,2.78,26.25,127.05,23.32
77.42,97.8,49.3,103.92,2.77,26.01,128.39,24.35
78.18,95.77,47.08,102.92,2.86,26.38,126.58,24.28
79.03,96.91,48.46,104.7,2.73,26.53,125.55,22.86
79.22,95.45,48.66,105.6,2.66,26.41,126.09,23.46
82.76,92.55,42.93,102.41,2.88,25.9,128.89,25.6
83.66,93.17,41.25,105.21,2.73,25.98,128.62,26.13
83.6,92.29,44.53,106.21,2.76,25.88,128.95,26.08
83.11,90.21,46.67,104.85,2.85,25.84,128.87,26.91
87.1,88.32,43.64,102.62,3.03,25.54,130.15,28.25
86.98,89.59,43.37,102.29,2.98,25.71,129.26,28.2
84.57,90.12,43.73,102.61,2.9,25.93,127.97,28.81
83.33,89.18,43.85,102.52,2.91,25.85,128.52,28.27
83.74,88.47,43.06,102.88,2.84,25.61,130.39,28.87
82.58,88.84,45.52,105.39,2.72,25.93,128.43,28.4
82.83,91.31,44.84,103.75,2.84,25.95,128.23,29.22
84.55,89.5,42.63,104.08,2.82,25.79,129.79,29.22
87.39,87.42,39.66,106.53,2.66,25.59,131.54,29.75
84.53,88.38,42.25,109.26,2.52,25.5,132.04,29.5
83.68,88.95,45.69,106.75,2.64,25.53,131.87,32.14
83.11,88.53,47.27,107.69,2.62,25.87,129.95,32.33
82.75,84.58,47.29,108.54,2.59,25.88,130.19,30.02
84.05,84.15,46.42,110.67,2.53,25.9,130.31,31.03
80.57,84.52,56.65,114.28,2.35,26.13,128.92,28.66
85.06,82.71,46.11,114.3,2.3,25.4,133.01,29.86
84.4,80.39,51,116.09,2.2,25.62,131.71,30.18
84.37,79.79,49.14,115.9,2.21,25.63,131.69,31.23
87.11,80.88,43.27,114.02,2.3,25.53,131.98,31.84
86.95,80.76,45.84,113.9,2.31,25.24,133.83,30.65
89.09,83.92,42.82,112.73,2.41,25.12,134.36,32.37
91.04,84.46,42.56,112.56,2.44,24.74,137.31,33.2
90.67,82.75,43.39,112.65,2.49,24.99,136.31,33.27
93.47,85.13,38.56,112.21,2.51,25.15,135.2,37.25
92.85,84.48,39.08,113.35,2.49,25.19,135.76,37.3
92.96,86.23,39.19,116.35,2.42,24.92,138.6,35.63
90.24,86.52,40,119.35,2.24,24.69,139.89,33.1
88.97,85.9,41.63,121.9,2.09,24.58,140.98,30.2
86.91,86.35,43.9,120.75,2.1,24.69,139.98,30.92
87.16,85.6,43.38,121.3,2.14,24.57,140.84,29.1
86.66,83.46,44.21,120.9,2.18,24.7,139.79,29.02
86.16,82.63,45.02,121.16,2.16,24.71,139.69,30
87.06,83.46,44.56,121.32,2.14,24.73,139.49,30.63
88.19,82.63,44.93,122.26,2.13,24.74,139.13,33.06
89.29,83.87,47.34,122.13,2.07,24.37,142.64,32.73
90.99,85.43,49.84,119.62,2.19,23.96,144.18,34.81
91.88,84.46,52.37,116.46,2.36,24.25,141.53,36.44
87.75,82.6,56.76,113.65,2.53,24.85,137.31,36.84
88.99,80.81,54.28,112.37,2.59,25.46,133.98,38.1
87.94,80.65,55.78,112.37,2.65,25.52,133.61,38.64
90.11,79.75,55.73,112.15,2.68,26.1,130.34,35.81
89.5,76.33,58.91,112.42,2.67,26.25,129.28,34.45
91,76.2,58.49,110.24,2.73,26.18,129.5,36.12
87.93,74.52,59.93,110.48,2.66,26.63,127.32,34.25
85.3,75.5,63.64,112.3,2.57,26.52,128.03,35.41
87.32,76.18,60.72,110.13,2.68,26.59,127.16,38.05
85.27,76.95,62.98,109.82,2.69,26.55,127.15,38.5
82.11,75.65,68.51,109.4,2.72,26.7,125.93,39.89
90.09,80.31,55.28,105.72,2.96,26.55,127.36,42.09
88.97,80.38,54.92,104.43,3,26.27,129.33,44.54
85.66,80.87,60.9,104.29,3.09,25.98,131.1,41.36
85.03,80.91,64.7,101.31,3.34,26.29,129.33,44.13
79.52,78.85,72.67,102.92,3.17,26.95,125.99,41
75.45,73.45,80.86,104.43,3.14,27.08,124.92,39.55
81.5,72.26,74.26,99.3,3.39,26.9,125.41,43.26
87.08,72.51,67.64,96.82,3.54,26.81,126.32,44.77
85.47,72.65,69.15,95.59,3.68,26.73,126.63,45.16
86.62,73.3,66.31,95.17,3.75,26.75,127.06,46.18
91.17,72.15,59.83,93.32,3.82,26.53,128.68,49
85.82,70,66.46,95.61,3.66,26.96,124.85,45.75
89.77,72.05,61.44,95,3.76,26.9,125.28,48.11
92.63,73.58,59.98,94.72,3.76,26.49,127.42,51.23
93.86,72.5,56.1,94.26,3.78,26.47,127.7,50.04
90.86,72.22,63.68,94.88,3.71,26.53,127.26,50.15
96.19,72.8,54.56,95.57,3.69,26.16,129.12,53.84
100.41,75.48,47.73,94.45,3.77,26.07,130.09,57.38
97.11,71.1,53.68,92.71,3.9,26.63,126.25,52.49
96.83,71.34,59.89,92.83,3.97,26.5,127.69,55.59
96.3,72.71,62.9,94.05,3.94,26.11,129.64,54
93.08,74,69.96,94.91,3.87,26.14,129.66,55.68
93.76,73.79,66.96,95.39,3.82,26.57,127.2,53.22
83.95,72.18,80.06,96.8,3.73,26.88,125.39,50.85
87.04,72.21,79.13,96.73,3.7,26.88,125.89,53
91.69,70.65,67.8,97.77,3.53,26.2,129.1,56.6
90.64,71.71,69.65,97.05,3.62,26.35,128.27,54.93
95.86,76.03,53.11,95.12,3.7,26.04,130.67,58.77
98.81,78.5,52.97,94.62,3.89,25.62,133.45,61.8
93.21,77.21,70.33,93.87,3.94,25.42,133.95,59.37
93.77,79.29,67.61,94.52,3.94,25.38,134.59,59.34
90.02,83.31,69.25,95.01,4.01,25.25,135.03,60.73
99.85,82.2,55.13,94.11,4.02,24.96,136.5,65.03
101.35,81.99,54.99,94.72,3.86,24.97,136,67.78
88.5,83.22,69.95,95.95,3.86,24.99,133.97,66.5
90.7,89.9,63.92,96.63,3.83,24.95,136.08,69.6
97.51,89.42,57.53,97.45,3.71,24.82,136.76,72.26
100.03,87.27,53.68,98.87,3.51,24.9,136.02,72.49
104.72,84.28,52.05,99.17,3.43,25.08,134.98,71.61
110.34,82.59,45.14,97.4,3.64,24.78,137.81,75.25
111.85,82.33,45.26,96.55,3.65,24.88,137.97,75.82
116.06,85.97,39.81,95.78,3.77,24.54,140.07,79.59
115.99,85.07,39.39,94.88,3.83,24.44,140.93,82.01
111.38,89.57,46.72,97.25,3.63,23.82,144.65,77.09
120.85,86.64,34.74,94.5,3.83,23.64,146.51,86.21
120.79,86.45,32.82,93.82,3.86,23.64,146.57,86.69
118.93,86.71,35.19,94.01,3.77,23.68,146.45,84.86
118.55,88.32,35.72,93.6,3.84,23.45,147.39,86.13
121.31,89.18,33.85,93.96,3.83,23.3,148.88,87.62
124.12,85.98,32.07,93.97,3.77,23.84,145.28,82.63
120.07,82.8,33.1,97.05,3.44,24.03,143.31,79.17
116.61,85.46,36.22,98.49,3.41,23.93,143.81,77.5
122.1,76.79,30.3,98,3.49,24.46,141.62,74.99
120.09,77.56,31.7,98.02,3.48,24.11,143.34,76.3
126.09,75.55,25.66,94.94,3.73,24.33,142.38,81.49
125.51,73.08,24.39,96.18,3.62,24.8,139.73,81.49
123.72,74.22,24.52,96.23,3.64,24.73,140.39,82.97
123.22,76.49,25.47,96.83,3.6,24.57,141.16,82.35
126.99,78.86,22.64,95.88,3.66,24.56,141.62,85.93
124.42,78.98,23.06,95.48,3.66,24.43,142.46,86.06
124.03,78.39,24.03,95.53,3.64,24.34,143.34,87.02
127.88,78.89,21.43,94.77,3.7,24.15,145.16,88.44
127.99,79.2,21.99,94.37,3.75,24.17,145.13,89.19
128.79,81.71,20.65,93.84,3.81,23.94,147.2,92.87
130.19,82.18,19.43,94.26,3.8,23.93,147.4,93.39
128.63,81.36,19.76,94.25,3.77,23.85,147.63,95.66
127.39,81.23,20.49,94.09,3.78,23.92,146.84,93.9
127.02,80.93,20.97,94.01,3.79,23.78,147.91,93.1
129.65,81.08,18.81,93.08,3.87,23.79,148.11,92.54
127.8,82.3,19.82,93.14,3.84,23.55,149.24,98.21
127.58,80.06,20.42,93.31,3.8,23.82,147.76,93.98
126.99,80.43,21.28,93.05,3.84,23.75,148.16,92.74
128.39,78.8,20.98,93.41,3.82,23.86,147.27,91.26
130.17,77.63,19.58,93.04,3.85,23.93,146.96,91.8
129.54,79.35,20.34,92.24,3.89,23.75,148.3,92.74
128.57,81.56,21.55,91.65,3.95,23.61,149.5,93.75
129.35,80.52,21.17,91.97,3.92,23.61,149.42,91.49
130.71,81.13,20.12,91.12,4,23.66,149.19,92.51
129.37,84.43,20.66,92,3.95,23.53,150.32,92.68
127.01,86.09,21.15,91.75,3.93,23.16,153.36,96.44
128.93,86.64,20.23,90.28,4.05,23.04,154.28,95.42
128.36,86.08,21.14,90.65,4.01,22.97,154.7,95.59
124.99,88.14,23.49,91.33,3.97,22.8,155.96,97.52
126.16,89.57,22.57,91.54,3.95,22.79,155.47,101.04
126.83,90.08,22.94,91.67,3.98,22.72,156.53,99.99
128.53,89.52,21.21,90.77,4.05,22.72,156.26,102.13
126.28,90.59,22.03,90.68,4.04,22.74,156.38,98.04
123.64,91.73,24.23,91.05,4.02,22.55,157.85,100.54
125.48,91.69,22.91,90.14,4.11,22.6,157.42,99.27
125.51,91.33,23.44,91.05,4.02,22.57,157.26,101.46
128.17,90.57,21.31,90.17,4.15,22.59,157.24,100.02
127.48,93.06,21.18,90.35,4.1,22.5,158.19,103.32
126.05,95.12,23.05,90.8,4.07,22.34,159.35,106.67
125.98,94.17,24.05,90.45,4.08,22.42,158.69,104.44
125.2,94.22,25.01,90.79,4.04,22.42,158.61,105.53
123.96,94.44,25.1,91.26,3.93,22.38,158.45,109.25
120.99,96.17,28.54,92.94,3.84,22.27,159.29,112.39
122.72,95.91,28.48,92.97,3.88,22.29,159.39,117.48
123.84,95.16,27.49,92.16,3.94,22.33,159.44,117.39
125.3,93.53,25.59,93.49,3.81,22.48,157.99,114.34
124.79,91.5,25.23,93.5,3.83,22.5,157.56,109.65
127.24,90.86,23.15,93.09,3.88,22.66,156.65,109.92
125.02,91.23,25.78,92.49,3.93,22.56,157.27,114.95
126.31,92.06,24.79,92.07,3.97,22.58,157.02,116.82
126.18,93.17,25.92,92.27,3.96,22.36,158.81,116.84
128.38,92.66,23.65,91.79,3.99,22.47,157.89,114.59
127.98,91.4,23.95,92.34,3.98,22.49,157.82,113.66
127.53,91.47,23.44,92.32,3.99,22.44,158.22,113.75
128.23,90.61,23.93,91.25,4.03,22.51,158.07,113.12
131.81,87.42,21.14,90.64,4.11,22.65,157.11,108.5
131.19,87.47,22.42,90.6,4.11,22.76,156.03,110.95
131.45,87.09,22.64,90,4.17,22.82,155.6,110.92
131.58,88.95,22.87,89.81,4.14,22.69,156.59,109.14
134.42,88.42,21.58,89.29,4.2,22.84,155.32,106.91
134.25,88.28,22.24,89.82,4.15,22.82,155.61,110.89
135.57,87.25,21.13,89.07,4.22,22.84,155.39,108.68
136.23,87.01,20.95,88.89,4.24,22.89,155,108.99
136.15,85.83,21.22,88.87,4.26,22.99,153.86,109.2
134.45,85.6,23.33,89.06,4.2,22.96,154.46,111.27
133.94,87.02,24.12,89.96,4.07,22.77,155.76,110.99
135.94,85.55,23.18,90.17,4.1,22.92,154.73,107.02
136.62,87.99,23.12,90.76,3.99,22.68,156.46,109.05
136.29,89.06,23.56,90.76,3.94,22.49,157.87,112.17
140.78,86.45,18.63,89.6,4.03,22.75,156.1,103.95
138.02,86.65,20.8,90.14,3.94,22.86,154.48,98.98
138.09,86.88,20.24,90.95,3.9,22.8,154.69,100.65
138.9,87.96,19.83,90.3,3.97,22.68,155.44,103.05
140.35,87.45,17.83,90.28,4.05,22.71,156.07,103.06
140,86.51,18.14,89.69,4.08,22.74,155.49,102.26
139.3,89.14,19.07,90.34,4.01,22.56,156.9,105.92
138.66,89.36,19.64,91.15,3.92,22.46,157.35,104.26
137.64,91.23,19.55,91.77,3.83,22.33,158.17,106.95
139.51,90.98,18.05,91.37,3.92,22.46,157.51,105.63
139.49,91.96,18.59,92.46,3.82,22.32,158.21,108.31
141.89,90.9,17.58,92.44,3.78,22.48,156.94,104.3
143.05,89.39,17.01,91.96,3.84,22.71,155.35,102.8
142.66,89.1,16.47,91.84,3.85,22.59,156.26,102.27
142.53,87,16.3,92.22,3.84,22.81,154.87,100.21
140.77,85.2,17.66,91.39,3.94,22.83,154.83,100.22
140.48,85.39,17.98,91.35,3.91,22.8,155.02,101.71
140.46,86.99,17.79,92.36,3.78,22.7,155.55,100.11
138.9,87.42,19.41,92.5,3.77,22.73,154.96,102.12
139.16,87.24,19.4,92.16,3.81,22.88,154.09,100.66
139.52,85.82,19.73,91.34,3.87,22.88,154.13,99.8
142.05,86.63,18.21,90.95,3.89,22.73,155.21,98.38
140.83,86.27,18.9,91.61,3.85,22.81,154.82,96.74
141.51,84.58,18.18,91.61,3.85,22.92,154.12,93.4
141.12,83.99,18.88,92.78,3.75,22.8,154.66,90.38
138.26,86.65,20.79,93.11,3.76,22.61,156.53,92.5
139.08,85.81,20.24,92.45,3.83,22.77,156.08,92.99
139.63,87.69,19.64,92.1,3.84,22.68,156.81,95.69
139.6,87.27,19.59,91.82,3.87,22.71,156.43,95.66
138.32,87.22,20.06,92.36,3.83,22.65,157.25,93.2
137.72,89.22,20.26,93.15,3.73,22.4,159.28,95.18
137.94,90.27,20.87,93.46,3.72,22.25,160.1,95.08
138.55,90.25,20.5,93.14,3.71,22.33,159.43,94.38
138.48,90.62,20.13,92.77,3.74,22.5,158.34,93.79
137.05,92.56,20.37,92.85,3.73,22.35,159.11,92.37
136.85,93.27,20.53,93.01,3.7,22.23,159.86,92.15
133.24,91.66,22.78,93.93,3.57,22.45,157.96,91.44
132.93,91.11,23.82,95.11,3.5,22.42,158.43,89.64
133.38,91.3,23.46,95.67,3.47,22.42,158.57,88.48
136.02,91.77,21.98,95.03,3.53,22.5,157.76,88.18
135.83,92.29,22.81,95.35,3.47,22.4,158.38,88.9
136.82,90.35,22.36,94.37,3.56,22.55,157.2,87.19
136.96,91.17,22.42,94.7,3.56,22.55,157.23,86.93
136.89,90.25,22.45,95.2,3.48,22.39,157.42,84.88
137.04,89.42,23.21,94.34,3.59,22.61,156.68,83.65
136.7,89.27,23.43,94.13,3.58,22.53,156.87,83.78
136.61,86.86,22.68,93.93,3.55,22.75,156.04,81.06
131.97,90.41,25.61,95.89,3.43,22.4,158.29,81.36
131.51,91.88,25.71,95.55,3.47,22.36,158.5,84.37
132.78,93.46,25.88,94.63,3.53,22.34,158.21,85.73
133.2,93.8,26.08,95.3,3.49,22.3,158.72,84.81
134.85,92.73,25.72,95.7,3.49,22.62,156.49,81.47
134.72,90.1,25.73,95.3,3.52,23.13,154.45,80.26
132.08,89.91,26.62,97.18,3.33,22.79,154.6,81.3
130.32,93.04,29.84,96.94,3.36,22.55,156.44,82.29
133.63,96.5,25.79,95.36,3.45,22.53,156.66,85.8
128.3,99.17,32.24,95.73,3.31,22.27,157.75,83.3
129.61,98.71,31.16,95,3.42,22.46,156.98,86.51
131.65,98.34,27.29,93.84,3.53,22.42,156.31,87.21
131.36,97.01,27.22,94.58,3.48,22.48,155.76,86.92
132.6,95.99,26.36,92.79,3.6,22.88,153.3,86.34
128,95.87,29.38,93.59,3.44,22.73,153.84,85.63
129.71,96.09,27.49,92.23,3.54,22.8,153.59,83.73
131.06,96.5,27.55,92.11,3.62,22.73,153.98,83.89
133.83,97.72,24.6,91.62,3.69,22.85,152.67,83.3
132.99,95.18,25.52,92.73,3.58,22.96,152.15,79.4
133.5,97.24,26.28,93.64,3.53,22.9,152.15,81.32
133.82,96.18,26.54,94.23,3.53,22.95,152.29,80.42
136.87,95.99,23.53,92.81,3.71,22.94,152.55,81.48
138.22,94.78,22.69,91.19,3.85,23.07,151.79,78.92
138.36,93.71,21.9,91.11,3.86,23.22,150.12,80.1
137.33,92.74,23.03,91.08,3.9,23.38,148.57,78.74
135.62,93.39,24.06,92.02,3.79,23.26,148.62,78.6
134.79,93.25,25.12,92.55,3.78,23.53,148.48,77.33
135.92,93.24,24.4,91.58,3.92,23.7,147.38,79.32
135.52,91.58,25.59,90.95,3.88,23.69,147.53,78.81
135.14,89.15,25.02,91.88,3.78,23.73,147.04,75.93
135.17,89.71,25.54,91.18,3.82,23.73,146.59,75.76
136.37,89.44,24.88,92.54,3.69,23.81,145.93,74.11
134.99,89.33,26.33,93.53,3.68,23.77,145.99,73.59
133.75,91.33,27.6,94.09,3.62,23.85,145.34,74.55
133.07,91,28.01,93.7,3.65,23.9,145.25,72.9
133.93,89.85,27.66,92.64,3.74,23.97,144.84,69.8
133.05,88.95,28.97,94.68,3.61,23.74,146.31,69.02
134.13,87.68,28.24,94.97,3.59,23.74,146.43,70.15
137.82,89.1,25.99,94.25,3.64,23.49,148.34,71.37
139.58,89.35,24.02,95.23,3.6,23.53,148.04,70.47
137.37,91.4,26.2,94.99,3.64,23.44,149.26,72.35
134.91,92.06,27.62,94.32,3.73,23.26,149.35,73.08
135.91,91.15,27.32,94.94,3.66,23.4,148.25,72.98
135.24,91.75,27.78,95.59,3.59,23.41,148.2,72.35
133.04,90.3,29.08,95.95,3.58,23.56,147.07,71.91
134.99,90.08,27.78,94.36,3.64,23.5,148.2,70.93
133.86,87.89,29.02,96.29,3.43,23.7,146.69,69.5
130.72,88.17,31.01,96.51,3.48,23.77,146.46,70.55
132.06,87.42,27.18,95.49,3.65,23.73,146.52,71.54
133.43,86.5,28.46,96.15,3.64,23.66,146.87,71.03
136.98,86.7,24.38,94.92,3.71,23.7,146.81,71.85
138.17,87.99,23.34,95.61,3.7,23.41,148.62,72.78
141.28,89.54,22.9,94.55,3.79,23.43,149.03,74.25
140.15,88.58,23.68,94.2,3.81,23.55,147.98,73.09
141.29,88.25,23.45,93.47,3.89,23.44,148.23,74.02
140.37,86.55,24.12,94.75,3.79,23.67,146.91,75.25
138.91,86.78,25.43,94.57,3.84,23.49,147.32,76.06
141.19,84.77,23.79,94.68,3.84,23.52,147.18,75.5
141.31,85.13,23.94,94.27,3.85,23.29,147.76,77.31
144.86,85.57,22.49,94.25,3.9,23.54,147.68,78.37
144.93,84.86,23.17,94.38,3.9,23.49,147.28,78.47
146.21,82.46,22.5,93.04,4.03,23.7,146.4,75.76
147.3,83,20.74,92.48,4.1,23.55,147.66,75.89
147.67,81.56,20.26,91.06,4.2,23.71,146.57,76.25
149.55,81.52,18.66,90.44,4.28,23.86,145.26,75.91
149.23,80.14,18.6,91.24,4.21,23.95,144.33,73.95
148.13,80.1,18.47,91.67,4.17,24.11,144.04,73.8
146.8,78.67,20.58,93.03,4.03,24.05,143.46,72.1
145.88,79.24,21.68,93.23,4.07,24.01,144.06,72.15
145.88,79.25,22.64,92.01,4.12,23.94,144.25,71.11
145.07,78.13,24.52,91.42,4.19,24.17,144.12,71.89
147.17,78.52,23.27,90.61,4.23,24.17,144.4,72.26
149.06,78.5,22.56,91.03,4.17,23.87,146.41,73.17
149.37,80.49,22.47,92.03,4.08,23.79,147.36,73.9
147.91,78.84,23.59,92.99,3.99,23.7,146.5,70.26
152.08,80,20.74,91.2,4.15,23.75,147.27,69.36
150.91,78.6,20.85,91.75,4.12,23.92,146.6,69.43
150.94,79.37,20.96,92.79,4,23.88,146.35,71.02
148.81,78.63,22.53,93.61,3.91,23.89,146.2,68.69
146.36,79.4,23.79,94.74,3.89,23.6,147.69,69.4
147.68,78.28,23.61,94.75,3.89,23.77,146.73,70.7
148.66,77.32,22.87,94.38,3.97,23.82,146.76,69.91
147.18,78.28,23.97,94.84,3.94,23.64,147.86,71.64
147.13,79.57,24.11,94.03,4.03,23.51,148.66,71.8
142.57,80.1,26.28,94.67,3.94,23.44,148.76,74.3
140.95,81.3,28.91,95.58,3.85,23.31,149.23,76.25
144.13,81.25,25.96,93.73,4.01,23.43,148.57,76.76
141.68,79.36,26.84,93.45,4.02,23.26,148.84,76.44
144.64,79.47,24.88,92.91,4.05,23.38,148.55,77.34
143.76,77.24,26.01,93.01,4.08,23.6,147.06,74.49
145.79,77.75,25.49,92.41,4.15,23.67,146.73,73.9
145.54,77.95,28.06,92.28,4.16,23.7,146.61,72.3
147.67,80.28,25.94,91.42,4.27,23.64,146.73,72.6
148.08,79.12,24.1,91.32,4.26,23.63,146.22,70.93
143.7,78.3,31.09,91.66,4.21,23.72,145.53,72.77
145.14,82.18,28.5,91.33,4.22,23.5,146.86,74.77
147.16,82.23,26.16,90.56,4.27,23.5,146.97,74.08
147.91,82.24,26.49,90.72,4.33,23.52,146.48,74.48
152.07,81.43,21.39,90.56,4.36,23.64,145.81,75.34
150.05,79.75,24.31,91,4.32,23.72,144.92,73.54
151.2,79.83,23.01,91.04,4.29,23.6,145.24,74.35
151.03,77.93,23.21,90.75,4.36,23.83,144.48,72.17
154.65,78.62,18.53,89.98,4.47,23.75,145.12,73.27
153.06,77.35,21.07,90.8,4.38,23.86,144.83,69.54
154.13,78.12,19.87,90.85,4.38,23.81,144.7,72.5
153.62,77.69,19.56,90.5,4.39,23.85,144.37,71.17
151.84,76.03,21.17,90.71,4.35,23.95,143.58,70.12
151.48,75.52,20.8,91.02,4.33,24,143.02,67.98
151.76,75.23,20.41,90.35,4.41,24.04,142.92,65.83
150.54,74.6,21.64,90.47,4.39,24.19,141.97,66.54
149.67,75.7,22.96,90.46,4.4,23.99,143.27,67.14
153.69,76,18.5,89.13,4.5,24.04,143.3,68.17
154.25,74.5,18.54,88.64,4.55,24.19,142.29,66.63
153.78,75.12,20.02,87.68,4.66,24.2,141.91,66.98
155.01,75.14,19.25,87.65,4.67,24.17,142.31,65.89
156.33,74.59,17.73,87.63,4.69,24.2,142.3,64
155.47,73.91,18.88,88.06,4.66,24.24,142.06,63.59
156.22,73.36,16.67,88.15,4.65,24.22,141.66,62.4
156.48,73.09,16.12,88.1,4.65,24.29,141.28,61.4
155.02,72.53,17.46,88.21,4.64,24.38,140.55,60.76
155.85,73.4,16.91,88.28,4.64,24.23,141.51,62.28
154.02,72.87,18.44,89.24,4.52,24.27,141.48,62.61
153.78,71.9,18.8,88.9,4.54,24.3,140.96,61.29
154.09,72.35,18.49,89.16,4.53,24.23,141.25,61.63
154.3,73.9,17.84,88.88,4.56,24.08,142.43,61.59
152.58,73.51,18,88.72,4.58,24.05,143.03,62.55
153.09,72.7,17,88.52,4.57,24.23,141.91,63.44
152.19,72,17.63,87.91,4.62,24.27,141.65,61.7
151.39,72.33,18.6,87.83,4.61,24.19,141.79,61.07
151.69,72.28,19.37,88.14,4.62,24.25,141.15,61.82
151.97,72.34,19,87.89,4.63,24.26,141.23,62.14
152.28,72.72,20.45,87.15,4.67,24.25,141.03,62.65
153.36,71.43,20.03,88.83,4.52,24.43,139.87,61.82
152.46,71.7,20.35,89.66,4.48,24.44,140,62.05
148.1,70.97,26.48,90.34,4.47,24.52,138.86,60.67
148.9,69.99,24.92,89.91,4.46,24.54,138.99,59.79
148.91,70.08,24.76,89.78,4.48,24.48,139.01,60.17
147.87,70.46,24.96,90.59,4.41,24.41,139.25,60
147.49,70.52,25.27,90.93,4.36,24.53,138.51,58.96
145.79,69.62,27.38,91,4.32,24.5,138.13,58.79
146.07,69.39,26.23,90.3,4.37,24.53,137.85,57.76
148.13,68.86,23.99,89.04,4.5,24.67,136.91,57.63
147.79,67.56,24.58,89.27,4.47,24.74,136.6,57.26
149.08,67.44,22.78,88.56,4.56,24.83,136.09,56.75
147.59,66.52,23.38,88.88,4.54,24.79,136.62,55.78
146.15,65.8,25.06,88.81,4.5,24.85,136.6,55.5
146.54,66.07,23.81,88.22,4.55,24.74,137.1,55.55
143.72,65.59,26.3,88.46,4.53,24.76,136.48,54.03
146.95,65.98,22.72,88.31,4.6,24.76,136.8,54.33
148.33,66.11,20.72,87.85,4.63,24.78,136.99,53.64
146.52,65.31,22.62,87.42,4.62,24.89,135.87,52.65
146.65,65.4,22.89,87.12,4.62,24.93,135.68,52.35
144.93,65.07,25.25,87.26,4.59,25,134.92,52.43
144.64,65.12,26.33,86.84,4.63,24.99,135.1,53.54
144.71,65.01,29.99,86.79,4.67,24.93,135.11,54.03
142.1,64.68,30.83,87.14,4.6,25,134.33,53.58
141.04,66.13,30.67,86.25,4.71,25.07,134.64,55.13
143.01,66.29,27.68,86.56,4.73,24.96,135.51,54.23
145.23,66.26,26.57,86.33,4.78,24.8,136.25,53.85
144.71,66.57,28.3,86.08,4.78,24.73,137.05,53.64
145.39,65.46,26.48,86.28,4.79,24.71,136.91,53.78
149.83,66.77,21.45,86.16,4.86,24.52,138.08,54.27
147.77,66.48,21.56,87.22,4.74,24.59,137.54,54.36
146.21,66.52,22.6,87.29,4.73,24.52,137.88,54.2
143.8,66.69,25.16,87.93,4.7,24.47,137.91,56.44
147.6,65.89,21.22,87.35,4.75,24.7,137.04,57.7
146.43,65.93,23.67,87.13,4.76,24.66,136.7,57.76
145.72,65.79,23.52,87.66,4.77,24.65,137.24,58.53
147.38,65.77,20.87,87.03,4.8,24.69,137.35,57.5
145.11,65.41,24.17,87.28,4.79,24.65,136.74,57.74
148.02,65.65,20.74,87.03,4.78,24.45,137.74,56.22
151.61,66.9,18.1,86.31,4.9,24.56,137.49,57.44
151.3,67.47,18.55,86.14,4.94,24.35,138.48,55.16
153.97,67.47,16.81,85.82,4.96,24.54,138.28,56.38
153.5,67.58,16.95,85.96,4.96,24.49,138.51,57
155.07,67.01,15.23,85.19,5.03,24.53,138.18,57.08
154.47,66.62,16,85.21,5.01,24.54,138.2,56.58
154.75,65.75,15.63,84.89,5.08,24.56,138,55.64
154.83,65.82,15.59,85.07,5.04,24.56,138,55.76
154.85,66.03,15.15,84.26,5.11,24.57,138.08,55.54
154.39,66.02,15.54,84.03,5.12,24.55,138.02,54.74
151.99,65.44,16.64,84.32,5.08,24.59,137.68,54.66
150.92,65.61,17.57,85.2,5.04,24.62,137.45,54.72
153.1,65.38,15.16,83.78,5.16,24.79,136.29,54.35
152.98,64.96,14.72,83.48,5.2,24.78,136.4,54.68
152.18,64.42,15.48,83.82,5.14,24.83,136.13,54.15
152.34,64.74,15.29,84.77,5.05,24.71,136.25,53.54
151.79,65.02,15.4,85.29,5,24.75,136.31,53.53
150.43,64.27,16.23,85.17,5.03,24.88,135.71,53
150.38,64.26,15.54,84.3,5.12,25.03,134.8,52.47
150.4,63.67,15.53,84.32,5.07,25.03,134.81,51.88
148.29,63.62,18.89,84.24,5.1,24.99,134.87,51.12
149.83,64.43,16.65,84.22,5.08,25.03,134.96,51.96
150.55,64.78,15.75,83.76,5.14,24.95,134.92,51.89
151.98,64.56,14.21,83.22,5.16,25.1,134.14,51.6
151.14,64.71,14.67,83.62,5.12,24.12,134.3,51.55
153.27,65.48,12.85,84.3,5.09,25.07,134.43,52.12
152.89,64.95,13.42,83.52,5.14,25.06,134.26,52.14
153.07,64.85,13.94,83.69,5.17,25.09,133.99,51.53
152.86,64.6,13.64,83.12,5.22,25.23,133.29,51.1
151.89,64.53,14.73,83.33,5.2,25.2,133.36,50.09
149.65,64.1,16.67,82.35,5.25,25.15,133.15,49.56
151.3,64.7,14.71,83.56,5.14,25.1,133.65,49.84
151.04,64.22,14.84,83.8,5.12,25.04,133.71,49.06
149.1,65.26,17.06,83.87,5.1,24.96,134.29,50.65
151.84,66.41,14.87,85.4,4.97,24.8,135.06,50.31
153.49,66.37,13.63,85.44,4.98,24.76,135.26,50.02
154.1,66.54,13.29,85.98,4.93,24.83,134.92,50.35
154.08,66.44,12.78,85.59,4.96,24.93,134.3,49.46
153.32,65.54,13.05,86.38,4.89,24.92,134.86,48.96
153.48,64.72,12.83,86.54,4.88,24.96,134.69,48.21
152.24,65.07,13.53,86.36,4.88,24.92,134.77,48.4
151.69,64.94,13.34,86.37,4.86,24.91,134.75,49.5
151.06,64.75,14.08,86.57,4.86,24.93,134.55,48.93
152.44,65.54,13.24,86.49,4.86,24.89,134.93,50.17
152.42,65.2,13.02,86.74,4.83,24.91,134.69,49.92
152.54,65.67,13.3,87.19,4.79,24.9,134.94,50.82
152.62,65.52,12.76,86.93,4.8,24.83,135.38,50.1
151.3,65.06,13.51,87.51,4.76,24.88,135.1,50.16
151.6,65.6,13.5,87.87,4.71,24.82,135.44,48.53
150.57,66.54,14.01,87.93,4.71,24.71,136,48.99
150.53,66.28,13.96,87.96,4.69,24.79,135.57,48.56
150.86,66.45,12.95,88.19,4.67,24.81,135.49,48.57
149.58,66,13.6,88.5,4.65,24.79,135,48.15
151.16,67.45,12.88,88.29,4.67,24.76,135.54,48.01
150.75,67.88,13.21,88.64,4.63,24.73,135.51,48.64
150.95,68.25,13.15,88.84,4.64,24.66,136.07,48.06
150.92,68.19,12.91,88.6,4.64,24.6,136.06,48.3
150.35,67.49,13.09,88.24,4.67,24.69,135.6,49.28
149.54,66.66,13.08,88.44,4.65,24.66,136,49.59
148.67,66.69,13.51,88.49,4.64,24.64,136.14,50.36
148.29,67.09,14.22,88.75,4.63,24.49,136.91,51.24
149.53,67.56,12.45,87.83,4.7,24.54,136.94,51.84
149.65,66.87,12.79,87.85,4.68,24.62,136.32,50.94
149.48,67.89,13.21,88.49,4.65,24.52,136.74,51.32
148.12,67.73,13.12,88.8,4.62,24.56,136.65,50.39
148.06,68.26,13.04,88.47,4.65,24.59,136,51.22
148.62,68.7,12.07,88.15,4.67,24.46,136.19,50.05
147.23,67.53,12.54,88.38,4.67,24.55,136.34,49.22
147.27,68.38,12.42,88.53,4.65,24.55,136.14,50.14
147.09,68,12.14,88.09,4.69,24.58,135.87,50.29
146.7,68.4,11.98,87.6,4.74,24.59,135.66,51.2
145.32,67.84,12.2,87.12,4.76,24.69,135.6,51.52
144.66,66.99,12.71,87.39,4.74,24.7,135.03,51.65
144.02,67.08,13.49,87.37,4.74,24.85,134.52,50.46
144.61,67.16,12.68,87.43,4.72,24.85,134.46,50.61
144.44,66.53,13.14,87.17,4.74,24.93,133.64,50.35
144.24,66.86,13.23,87.75,4.67,24.77,134.41,52.01
143.85,66.81,13.24,88.08,4.65,24.85,133.7,52.33
143.69,65.83,13.46,87.99,4.66,24.88,133.43,52.46
142.16,65.85,14.53,88.1,4.64,24.85,133.82,53.56
142,65.74,14.64,88.28,4.65,24.79,133.93,53.35
141.97,65.65,15.14,88.45,4.63,24.87,133.68,53.62
141.82,66.05,14.98,88.57,4.62,24.84,133.44,52
142.86,65.7,13.48,88.75,4.61,24.84,133.89,51.2
143.2,65.84,13.11,88.9,4.59,24.85,133.65,51.17
143.39,65.15,12.95,88.79,4.61,24.93,133.23,50.57
143.18,65.76,12.93,89.04,4.59,24.78,133.66,50.18
143.29,65.82,12.19,89.75,4.52,24.78,134.15,48.8
140.97,65.27,13.27,89.71,4.55,24.85,133.47,48.46
140.2,64.74,14.59,89.66,4.57,25,133.23,48.7
138.53,64.62,16.79,89.85,4.55,24.87,133.38,48.42
139.47,63.98,16.43,89.87,4.54,24.96,132.55,48.67
139.28,63.94,17.27,89.88,4.52,24.96,132.41,49.14
138.25,63.72,18.13,90.29,4.49,25.02,132.11,48.94
140.99,64.37,13.99,89.75,4.55,25.08,132.14,49.35
140.78,64.25,14.09,89.4,4.59,25.16,131.27,50.11
140.74,64.48,14.29,90.35,4.51,25.12,131.51,51.29
139.56,64.3,15.24,90.43,4.5,25,131.93,51.29
139.7,64.15,15.96,90.08,4.53,25.1,131.35,50.32
137.35,62.93,19.63,90.35,4.52,25.12,131,49.62
138.67,63.71,18.61,90.2,4.51,24.96,132,51.01
140.51,65.82,15.82,89.75,4.56,24.97,131.91,51.24
